name,owner,createdAt,updatedAt,primaryLanguage,mergedPRs,releases,issues,closedIssues,stars
build-your-own-x,codecrafters-io,2018-05-09T12:03:18Z,2026-03-13T15:46:41Z,Markdown,155,0,0,0,474738
awesome,sindresorhus,2014-07-11T13:42:37Z,2026-03-13T15:46:33Z,None,694,0,0,0,445189
freeCodeCamp,freeCodeCamp,2014-12-24T17:49:19Z,2026-03-13T15:45:45Z,TypeScript,27798,0,0,0,438080
public-apis,public-apis,2016-03-20T23:49:42Z,2026-03-13T15:47:33Z,Python,1872,0,0,0,409047
free-programming-books,EbookFoundation,2013-10-11T06:50:37Z,2026-03-13T15:17:44Z,Python,7337,0,0,0,383944
developer-roadmap,kamranahmedse,2017-03-15T13:45:52Z,2026-03-13T15:46:40Z,TypeScript,4093,1,0,0,350822
system-design-primer,donnemartin,2017-02-26T16:15:28Z,2026-03-13T15:46:22Z,Python,208,0,0,0,338701
coding-interview-university,jwasham,2016-06-06T02:34:12Z,2026-03-13T15:46:06Z,None,415,0,0,0,337783
openclaw,openclaw,2025-11-24T10:16:47Z,2026-03-13T15:47:50Z,TypeScript,3187,66,0,0,310238
awesome-python,vinta,2014-06-27T21:00:06Z,2026-03-13T15:46:04Z,Python,642,0,0,0,286934
awesome-selfhosted,awesome-selfhosted,2015-06-01T02:33:17Z,2026-03-13T15:46:40Z,None,2395,1,0,0,279691
996.ICU,996icu,2019-03-26T07:31:14Z,2026-03-13T15:08:17Z,None,1072,0,0,0,275754
project-based-learning,practical-tutorials,2017-04-12T05:07:46Z,2026-03-13T15:46:03Z,None,182,0,0,0,260865
react,facebook,2013-05-24T16:15:54Z,2026-03-13T15:44:25Z,JavaScript,12784,118,0,0,243893
linux,torvalds,2011-09-04T22:48:12Z,2026-03-13T15:46:02Z,C,0,0,0,0,222535
Python,TheAlgorithms,2016-07-16T09:44:01Z,2026-03-13T15:44:55Z,Python,3069,0,0,0,218564
vue,vuejs,2013-07-29T03:24:51Z,2026-03-13T15:45:09Z,TypeScript,1136,249,0,0,209976
the-book-of-secret-knowledge,trimstray,2018-06-23T10:43:14Z,2026-03-13T15:44:54Z,None,122,0,0,0,209853
computer-science,ossu,2014-05-04T00:18:39Z,2026-03-13T15:46:03Z,HTML,305,0,0,0,202328
javascript-algorithms,trekhleb,2018-03-24T07:47:04Z,2026-03-13T15:44:56Z,JavaScript,304,0,0,0,195750
tensorflow,tensorflow,2015-11-07T01:19:20Z,2026-03-13T15:45:46Z,C++,42657,222,0,0,194125
ohmyzsh,ohmyzsh,2009-08-28T18:15:37Z,2026-03-13T15:46:52Z,Shell,3520,0,0,0,185306
You-Dont-Know-JS,getify,2013-11-16T02:37:24Z,2026-03-13T14:15:26Z,None,370,0,0,0,184500
CS-Notes,CyC2018,2018-02-13T14:56:24Z,2026-03-13T14:35:40Z,None,374,0,0,0,183920
vscode,microsoft,2015-09-03T20:23:38Z,2026-03-13T15:45:39Z,TypeScript,43641,199,0,0,182601
AutoGPT,Significant-Gravitas,2023-03-16T09:21:07Z,2026-03-13T15:48:43Z,Python,4022,95,0,0,182436
Python-100-Days,jackfrued,2018-03-01T16:05:52Z,2026-03-13T15:42:37Z,Jupyter Notebook,13,0,0,0,179578
n8n,n8n-io,2019-06-22T09:24:21Z,2026-03-13T15:46:40Z,TypeScript,14281,556,0,0,178948
flutter,flutter,2015-03-06T22:54:58Z,2026-03-13T15:06:35Z,Dart,47052,7,0,0,175540
bootstrap,twbs,2011-07-29T21:19:00Z,2026-03-13T14:50:31Z,MDX,9139,94,0,0,174069
gitignore,github,2010-11-08T20:17:14Z,2026-03-13T15:46:02Z,None,1727,0,0,0,172959
Microsoft-Activation-Scripts,massgravel,2020-01-12T23:03:34Z,2026-03-13T15:31:34Z,Batchfile,6,29,0,0,168642
awesome-go,avelino,2014-07-06T13:42:15Z,2026-03-13T15:46:04Z,Go,3622,0,0,0,167248
ollama,ollama,2023-06-26T19:39:32Z,2026-03-13T15:44:54Z,Go,3099,190,0,0,164959
stable-diffusion-webui,AUTOMATIC1111,2022-08-22T14:05:26Z,2026-03-13T15:46:09Z,Python,1884,27,0,0,161665
the-art-of-command-line,jlevy,2015-05-20T15:11:03Z,2026-03-13T15:46:05Z,None,317,0,0,0,160257
transformers,huggingface,2018-10-29T13:56:00Z,2026-03-13T15:44:26Z,Python,18825,244,0,0,157768
JavaGuide,Snailclimb,2018-05-07T13:27:00Z,2026-03-13T15:45:43Z,Java,1216,0,0,0,154215
FreeDomain,DigitalPlatDev,2024-05-30T13:23:00Z,2026-03-13T15:25:20Z,HTML,1,0,0,0,152159
prompts.chat,f,2022-12-05T13:54:13Z,2026-03-13T15:46:48Z,HTML,201,0,0,0,151972
yt-dlp,yt-dlp,2020-10-26T04:22:55Z,2026-03-13T15:48:58Z,Python,3236,132,0,0,150991
javascript,airbnb,2012-11-01T23:13:50Z,2026-03-13T15:02:31Z,JavaScript,813,0,0,0,148115
HelloGitHub,521xueweihan,2016-05-04T06:24:11Z,2026-03-13T15:22:28Z,Python,17,63,0,0,145974
langflow,langflow-ai,2023-02-08T22:28:03Z,2026-03-13T15:29:19Z,Python,5841,285,0,0,145618
youtube-dl,ytdl-org,2010-10-31T14:35:07Z,2026-03-13T14:51:05Z,Python,1646,341,0,0,139862
next.js,vercel,2016-10-05T23:32:51Z,2026-03-13T15:45:34Z,JavaScript,26231,1000,0,0,138280
tech-interview-handbook,yangshun,2016-07-05T05:00:48Z,2026-03-13T15:05:25Z,TypeScript,486,0,0,0,138105
scrcpy,Genymobile,2017-11-21T18:00:27Z,2026-03-13T15:37:27Z,C,124,50,0,0,136926
fucking-algorithm,labuladong,2020-02-19T09:01:23Z,2026-03-13T15:05:27Z,Markdown,244,0,0,0,133023
go,golang,2014-08-19T04:33:40Z,2026-03-13T15:46:04Z,Go,1,0,0,0,133020
dify,langgenius,2023-04-12T07:40:24Z,2026-03-13T15:46:21Z,TypeScript,9869,158,0,0,132663
system-prompts-and-models-of-ai-tools,x1xhlol,2025-03-05T16:38:29Z,2026-03-13T15:49:03Z,None,46,0,0,0,130694
PowerToys,microsoft,2019-05-01T17:44:02Z,2026-03-13T15:43:33Z,C#,6386,127,0,0,130458
langchain,langchain-ai,2022-10-17T02:58:36Z,2026-03-13T15:47:41Z,Python,16098,1000,0,0,129344
30-seconds-of-code,Chalarangelo,2017-11-29T17:35:03Z,2026-03-13T14:46:11Z,JavaScript,836,12,0,0,127067
open-webui,open-webui,2023-10-06T22:08:27Z,2026-03-13T15:46:41Z,Python,3379,154,0,0,127036
react-native,facebook,2015-01-09T18:10:16Z,2026-03-13T15:40:41Z,C++,959,446,0,0,125572
hello-algo,krahets,2022-11-04T11:08:34Z,2026-03-13T15:41:08Z,Java,968,10,0,0,123199
opencode,anomalyco,2025-04-30T20:08:00Z,2026-03-13T15:48:40Z,TypeScript,2733,735,0,0,121477
kubernetes,kubernetes,2014-06-06T22:56:04Z,2026-03-13T15:45:46Z,Go,64158,784,0,0,121103
electron,electron,2013-04-12T01:47:36Z,2026-03-13T14:43:54Z,C++,24671,1000,0,0,120462
free-for-dev,ripienaar,2015-03-18T21:06:26Z,2026-03-13T15:48:29Z,HTML,2906,0,0,0,119821
excalidraw,excalidraw,2020-01-02T01:04:43Z,2026-03-13T15:45:11Z,TypeScript,3849,14,0,0,118662
free-programming-books-zh_CN,justjavac,2013-11-04T01:59:19Z,2026-03-13T13:52:46Z,None,282,3,0,0,116451
node,nodejs,2014-11-26T19:57:11Z,2026-03-13T15:46:40Z,JavaScript,11932,487,0,0,116220
iptv,iptv-org,2018-11-14T22:00:57Z,2026-03-13T14:54:00Z,TypeScript,6832,0,0,0,112840
d3,d3,2010-09-27T17:22:42Z,2026-03-13T13:50:05Z,Shell,494,194,0,0,112532
three.js,mrdoob,2010-03-23T18:58:01Z,2026-03-13T15:35:46Z,JavaScript,15261,175,0,0,111332
rust,rust-lang,2010-06-16T20:39:03Z,2026-03-13T15:46:03Z,Rust,69721,147,0,0,111165
ui,shadcn-ui,2023-01-04T12:43:27Z,2026-03-13T15:46:41Z,TypeScript,1051,82,0,0,109425
rustdesk,rustdesk,2020-09-28T15:36:08Z,2026-03-13T15:16:58Z,Rust,3950,36,0,0,109234
axios,axios,2014-08-18T22:30:27Z,2026-03-13T12:30:21Z,JavaScript,1138,109,0,0,108644
Awesome-Hacking,Hack-with-Github,2016-03-30T15:47:10Z,2026-03-13T15:44:36Z,None,34,0,0,0,108287
TypeScript,microsoft,2014-06-17T15:28:39Z,2026-03-13T15:20:31Z,TypeScript,14858,215,0,0,108139
generative-ai-for-beginners,microsoft,2023-06-19T16:28:59Z,2026-03-13T15:19:57Z,Jupyter Notebook,542,0,0,0,107923
godot,godotengine,2014-01-04T16:05:36Z,2026-03-13T15:44:18Z,C++,41520,66,0,0,107782
GitHub-Chinese-Top-Charts,GrowingGit,2019-09-05T03:01:56Z,2026-03-13T14:47:47Z,Java,0,0,0,0,106822
deno,denoland,2018-05-15T01:34:26Z,2026-03-13T15:44:56Z,Rust,14406,369,0,0,106340
ComfyUI,Comfy-Org,2023-01-17T03:15:56Z,2026-03-13T15:47:10Z,Python,2252,127,0,0,105738
nodebestpractices,goldbergyoni,2017-09-15T08:33:19Z,2026-03-13T14:09:55Z,Dockerfile,766,0,0,0,105178
frp,fatedier,2015-12-21T15:24:59Z,2026-03-13T15:24:36Z,Go,761,109,0,0,105172
papers-we-love,papers-we-love,2013-12-15T14:31:41Z,2026-03-13T15:25:37Z,Shell,439,0,0,0,104047
tauri,tauri-apps,2019-07-13T09:09:37Z,2026-03-13T15:44:14Z,Rust,5409,0,0,0,104022
create-react-app,facebook,2016-07-17T14:55:11Z,2026-03-13T14:50:25Z,JavaScript,1949,83,0,0,103825
clash-verge-rev,clash-verge-rev,2023-11-21T18:24:03Z,2026-03-13T15:44:57Z,TypeScript,768,62,0,0,102513
terminal,microsoft,2017-08-11T18:38:22Z,2026-03-13T15:02:02Z,C++,4389,148,0,0,102172
DeepSeek-V3,deepseek-ai,2024-12-26T09:52:40Z,2026-03-13T15:36:09Z,Python,25,1,0,0,102119
awesome-llm-apps,Shubhamsaboo,2024-04-29T05:30:25Z,2026-03-13T15:49:01Z,Python,171,0,0,0,101927
awesome-mac,jaywcjlove,2016-07-17T15:33:47Z,2026-03-13T15:42:35Z,JavaScript,1089,14,0,0,100105
angular,angular,2014-09-18T16:12:01Z,2026-03-13T15:46:40Z,TypeScript,5771,618,0,0,100077
supabase,supabase,2019-10-12T05:56:49Z,2026-03-13T15:46:22Z,TypeScript,15756,26,0,0,98914
HowToCook,Anduin2017,2020-02-29T10:43:49Z,2026-03-13T15:25:51Z,Dockerfile,616,4,0,0,98763
v2rayN,2dust,2019-07-30T03:47:24Z,2026-03-13T15:41:04Z,C#,405,302,0,0,98662
every-programmer-should-know,mtdvio,2017-08-24T13:18:26Z,2026-03-13T15:37:45Z,None,110,0,0,0,98236
pytorch,pytorch,2016-08-13T05:26:41Z,2026-03-13T15:48:43Z,Python,6444,64,0,0,98205
material-ui,mui,2014-08-18T19:11:54Z,2026-03-13T15:45:22Z,JavaScript,21521,559,0,0,98001
llama.cpp,ggml-org,2023-03-10T18:58:00Z,2026-03-13T15:48:11Z,C++,7598,1000,0,0,97805
ant-design,ant-design,2015-04-24T15:37:24Z,2026-03-13T15:46:05Z,TypeScript,17135,741,0,0,97689
gemini-cli,google-gemini,2025-04-17T17:04:31Z,2026-03-13T15:46:33Z,TypeScript,5505,415,0,0,97551
neovim,neovim,2014-01-31T13:39:22Z,2026-03-13T15:46:03Z,Vim Script,17818,48,0,0,97148
fastapi,fastapi,2018-12-08T08:21:47Z,2026-03-13T15:46:08Z,Python,3173,269,0,0,96171
whisper,openai,2022-09-16T20:02:54Z,2026-03-13T15:42:48Z,Python,119,13,0,0,95882
thefuck,nvbn,2015-04-08T15:08:04Z,2026-03-13T15:30:36Z,Python,481,17,0,0,95683
Web-Dev-For-Beginners,microsoft,2020-11-10T02:44:00Z,2026-03-13T14:10:03Z,JavaScript,667,0,0,0,95416
immich,immich-app,2022-02-03T15:56:27Z,2026-03-13T15:46:41Z,TypeScript,8788,287,0,0,94637
clean-code-javascript,ryanmcdermott,2016-11-25T22:25:41Z,2026-03-13T14:09:51Z,JavaScript,149,0,0,0,94319
tailwindcss,tailwindlabs,2017-10-06T14:59:14Z,2026-03-13T15:46:07Z,TypeScript,3308,300,0,0,94011
puppeteer,puppeteer,2017-05-09T22:16:13Z,2026-03-13T15:34:50Z,TypeScript,5852,650,0,0,93803
java-design-patterns,iluwatar,2014-08-09T16:45:18Z,2026-03-13T15:34:38Z,Java,1520,0,0,0,93803
skills,anthropics,2025-09-22T15:53:31Z,2026-03-13T15:49:34Z,Python,22,0,0,0,92658
firecrawl,firecrawl,2024-04-15T21:02:29Z,2026-03-13T15:49:58Z,TypeScript,1397,32,0,0,92440
nvm,nvm-sh,2010-04-15T17:47:47Z,2026-03-13T15:25:36Z,Shell,741,71,0,0,92264
DeepSeek-R1,deepseek-ai,2025-01-20T11:57:28Z,2026-03-13T14:15:34Z,None,10,1,0,0,91967
app-ideas,florinpop17,2019-02-25T18:36:56Z,2026-03-13T15:39:36Z,None,151,0,0,0,91165
markitdown,microsoft,2024-11-13T19:56:40Z,2026-03-13T15:47:54Z,Python,171,18,0,0,90692
vue-element-admin,PanJiaChen,2017-04-17T03:35:49Z,2026-03-13T07:32:25Z,Vue,311,49,0,0,90287
storybook,storybookjs,2016-03-18T04:23:44Z,2026-03-13T15:48:07Z,TypeScript,12343,1000,0,0,89441
bitcoin,bitcoin,2010-12-19T15:16:43Z,2026-03-13T13:19:27Z,C++,16230,63,0,0,88464
gin,gin-gonic,2014-06-16T23:57:25Z,2026-03-13T14:42:07Z,Go,1227,29,0,0,88222
bun,oven-sh,2021-04-14T00:48:17Z,2026-03-13T15:46:09Z,Zig,7212,210,0,0,88083
LLMs-from-scratch,rasbt,2023-07-23T18:15:57Z,2026-03-13T15:48:32Z,Jupyter Notebook,483,0,0,0,87920
NextChat,ChatGPTNextWeb,2023-03-10T18:27:54Z,2026-03-13T15:35:06Z,TypeScript,894,77,0,0,87470
hugo,gohugoio,2013-07-04T15:26:26Z,2026-03-13T15:28:43Z,Go,3250,365,0,0,87061
django,django,2012-04-28T02:47:18Z,2026-03-13T15:48:41Z,Python,10344,0,0,0,87027
mermaid,mermaid-js,2014-11-01T23:52:32Z,2026-03-13T15:45:15Z,TypeScript,2605,184,0,0,86625
opencv,opencv,2012-07-19T09:40:17Z,2026-03-13T15:09:47Z,C++,13518,67,0,0,86575
svelte,sveltejs,2016-11-20T18:13:05Z,2026-03-13T15:46:34Z,JavaScript,6546,610,0,0,86039
weekly,ruanyf,2018-10-13T12:36:07Z,2026-03-13T15:41:13Z,None,106,0,0,0,85929
core,home-assistant,2013-09-17T07:29:48Z,2026-03-13T15:38:40Z,Python,82798,1000,0,0,85313
manim,3b1b,2015-03-22T18:50:58Z,2026-03-13T15:49:31Z,Python,661,13,0,0,85214
ML-For-Beginners,microsoft,2021-03-03T01:34:05Z,2026-03-13T15:45:22Z,Jupyter Notebook,446,0,0,0,84308
playwright,microsoft,2019-11-15T18:32:42Z,2026-03-13T15:48:07Z,TypeScript,16342,158,0,0,84161
uptime-kuma,louislam,2021-07-03T01:02:42Z,2026-03-13T15:42:36Z,JavaScript,1698,126,0,0,84019
laravel,laravel,2011-06-08T03:06:08Z,2026-03-13T15:46:32Z,Blade,1672,213,0,0,83939
awesome-for-beginners,MunGell,2015-10-24T19:53:36Z,2026-03-13T15:01:48Z,None,469,0,0,0,83436
mall,macrozheng,2018-04-04T01:11:44Z,2026-03-13T15:36:17Z,Java,1,3,0,0,83130
awesome-mcp-servers,punkpeye,2024-11-30T04:49:10Z,2026-03-13T15:42:54Z,None,1561,0,0,0,82997
realworld,realworld-apps,2016-02-26T20:49:53Z,2026-03-13T15:11:44Z,TypeScript,434,0,0,0,82987
animate.css,animate-css,2011-10-12T10:07:38Z,2026-03-13T14:17:15Z,CSS,315,22,0,0,82627
devops-exercises,bregman-arie,2019-10-03T17:31:21Z,2026-03-13T14:50:05Z,Python,309,0,0,0,81478
superpowers,obra,2025-10-09T19:45:18Z,2026-03-13T15:49:22Z,Shell,43,0,0,0,81428
awesome-interview-questions,DopplerHQ,2015-11-28T09:48:17Z,2026-03-13T14:39:53Z,None,175,0,0,0,81388
FiraCode,tonsky,2014-11-11T19:32:38Z,2026-03-13T09:56:44Z,Clojure,142,29,0,0,81281
servers,modelcontextprotocol,2024-11-19T01:10:17Z,2026-03-13T15:36:48Z,TypeScript,1180,24,0,0,81008
uv,astral-sh,2023-10-02T20:24:11Z,2026-03-13T15:33:03Z,Rust,8574,260,0,0,80880
syncthing,syncthing,2013-11-26T09:48:21Z,2026-03-13T14:34:12Z,Go,2841,463,0,0,80783
browser-use,browser-use,2024-10-31T16:00:56Z,2026-03-13T15:47:09Z,Python,1684,119,0,0,80651
system-design-101,ByteByteGoHq,2023-09-18T20:52:03Z,2026-03-13T15:32:17Z,None,23,0,0,0,80492
spring-boot,spring-projects,2012-10-19T15:02:57Z,2026-03-13T15:45:39Z,Java,45,339,0,0,80233
Deep-Live-Cam,hacksider,2023-09-24T13:19:31Z,2026-03-13T15:44:43Z,Python,98,11,0,0,79999
funNLP,fighting41love,2018-08-21T11:20:39Z,2026-03-13T15:08:14Z,Python,14,0,0,0,79369
advanced-java,doocs,2018-10-06T11:38:30Z,2026-03-13T12:57:24Z,Java,89,1,0,0,78897
vite,vitejs,2020-04-21T05:03:57Z,2026-03-13T15:47:40Z,TypeScript,6093,665,0,0,78860
github-readme-stats,anuraghazra,2020-07-09T10:34:22Z,2026-03-13T14:56:50Z,JavaScript,1568,0,0,0,78710
fzf,junegunn,2013-10-23T16:04:23Z,2026-03-13T15:46:39Z,Go,645,76,0,0,78563
hoppscotch,hoppscotch,2019-08-21T13:15:24Z,2026-03-13T15:41:00Z,TypeScript,2038,99,0,0,78418
netdata,netdata,2013-06-17T18:39:10Z,2026-03-13T15:29:55Z,C,11782,132,0,0,78051
models,tensorflow,2016-02-05T01:15:20Z,2026-03-13T13:41:19Z,Python,2342,51,0,0,77688
claude-code,anthropics,2025-02-22T17:41:21Z,2026-03-13T15:46:38Z,Shell,146,59,0,0,77506
gpt4all,nomic-ai,2023-03-27T18:49:32Z,2026-03-13T15:35:40Z,C++,938,38,0,0,77224
zed,zed-industries,2021-02-20T03:01:06Z,2026-03-13T15:47:03Z,Rust,22351,1000,0,0,77064
cs-video-courses,Developer-Y,2016-10-21T17:02:11Z,2026-03-13T15:43:48Z,None,258,0,0,0,77044
LeetCodeAnimation,MisterBooo,2018-12-06T08:01:22Z,2026-03-13T12:32:49Z,Java,63,0,0,0,76717
code-server,coder,2019-02-27T16:50:41Z,2026-03-13T15:29:02Z,TypeScript,1643,226,0,0,76629
llm-course,mlabonne,2023-06-17T22:16:25Z,2026-03-13T15:49:23Z,None,2,0,0,0,76601
spec-kit,github,2025-08-21T22:54:31Z,2026-03-13T15:50:14Z,Python,206,114,0,0,76488
localsend,localsend,2022-12-16T00:46:07Z,2026-03-13T14:59:19Z,Dart,702,24,0,0,76421
Font-Awesome,FortAwesome,2012-02-17T14:19:43Z,2026-03-13T14:16:40Z,JavaScript,220,63,0,0,76413
elasticsearch,elastic,2010-02-08T13:20:56Z,2026-03-13T15:46:08Z,Java,87714,235,0,0,76327
d2l-zh,d2l-ai,2017-08-23T04:40:24Z,2026-03-13T15:48:26Z,Python,1019,16,0,0,76176
PayloadsAllTheThings,swisskyrepo,2016-10-18T07:29:07Z,2026-03-13T15:38:50Z,Python,564,5,0,0,76024
Best-websites-a-programmer-should-visit,sdmg15,2017-03-05T20:25:17Z,2026-03-13T15:15:20Z,None,431,0,0,0,75839
json-server,typicode,2013-11-27T13:21:13Z,2026-03-13T12:07:16Z,JavaScript,165,47,0,0,75650
Stirling-PDF,Stirling-Tools,2023-01-27T18:22:42Z,2026-03-13T15:39:16Z,TypeScript,3198,170,0,0,75259
Ventoy,ventoy,2020-03-10T15:19:19Z,2026-03-13T15:44:19Z,C,294,108,0,0,75030
ragflow,infiniflow,2023-12-12T06:13:13Z,2026-03-13T15:41:16Z,Python,5553,40,0,0,74938
nest,nestjs,2017-02-04T20:12:52Z,2026-03-13T15:45:28Z,TypeScript,8113,143,0,0,74906
everything-claude-code,affaan-m,2026-01-18T00:51:51Z,2026-03-13T15:49:33Z,JavaScript,135,10,0,0,74478
union,unionlabs,2023-05-16T22:33:39Z,2026-03-13T11:50:30Z,Rust,3102,107,0,0,74242
lazygit,jesseduffield,2018-05-19T00:53:06Z,2026-03-13T15:50:10Z,Go,1823,177,0,0,74100
sherlock,sherlock-project,2018-12-24T14:30:48Z,2026-03-13T15:36:14Z,Python,735,2,0,0,73658
awesome-vue,vuejs,2015-10-20T00:16:14Z,2026-03-13T06:43:05Z,None,3619,0,0,0,73627
lobehub,lobehub,2023-05-21T07:19:12Z,2026-03-13T15:41:58Z,TypeScript,4437,1000,0,0,73583
awesome-public-datasets,awesomedata,2014-11-20T06:20:50Z,2026-03-13T14:14:43Z,None,188,1,0,0,73396
redis,redis,2009-03-21T22:32:25Z,2026-03-13T15:46:01Z,C,4436,117,0,0,73372
vllm,vllm-project,2023-02-09T11:23:20Z,2026-03-13T15:48:11Z,Python,14735,86,0,0,72993
tesseract,tesseract-ocr,2014-08-12T18:04:59Z,2026-03-13T15:44:28Z,C++,1432,35,0,0,72887
the-algorithm,twitter,2023-03-27T14:57:57Z,2026-03-13T15:22:46Z,Scala,2,0,0,0,72856
stable-diffusion,CompVis,2022-08-10T14:36:44Z,2026-03-13T14:50:33Z,Jupyter Notebook,5,0,0,0,72681
grafana,grafana,2013-12-11T15:59:56Z,2026-03-13T15:48:28Z,TypeScript,63025,597,0,0,72629
awesome-react,enaqx,2014-08-06T05:31:44Z,2026-03-13T15:34:40Z,None,794,0,0,0,72358
Front-End-Checklist,thedaviddias,2017-10-16T10:12:36Z,2026-03-13T14:09:25Z,None,179,1,0,0,72349
PaddleOCR,PaddlePaddle,2020-05-08T10:38:16Z,2026-03-13T15:30:55Z,Python,3127,29,0,0,72191
openai-cookbook,openai,2022-03-11T02:08:53Z,2026-03-13T13:38:39Z,Jupyter Notebook,1012,0,0,0,72086
awesome-machine-learning,josephmisiti,2014-07-15T19:11:19Z,2026-03-13T12:36:17Z,Python,901,0,0,0,71952
imgui,ocornut,2014-07-21T14:29:47Z,2026-03-13T15:32:55Z,C++,419,118,0,0,71927
cpython,python,2017-02-10T19:23:51Z,2026-03-13T15:42:52Z,Python,57442,0,0,0,71920
screenshot-to-code,abi,2023-11-14T17:53:32Z,2026-03-13T11:52:57Z,TypeScript,76,0,0,0,71906
cs-self-learning,PKUFlyingPig,2021-10-20T13:43:42Z,2026-03-13T15:50:08Z,HTML,315,5,0,0,71799
strapi,strapi,2015-09-30T15:34:48Z,2026-03-13T15:29:52Z,TypeScript,9606,516,0,0,71582
Prompt-Engineering-Guide,dair-ai,2022-12-16T16:04:50Z,2026-03-13T15:43:02Z,MDX,342,0,0,0,71532
moby,moby,2013-01-18T18:10:57Z,2026-03-13T14:53:14Z,Go,22368,276,0,0,71516
flask,pallets,2010-04-06T11:11:59Z,2026-03-13T15:46:01Z,Python,1628,38,0,0,71323
superset,apache,2015-07-21T18:55:34Z,2026-03-13T15:08:33Z,TypeScript,16532,244,0,0,70950
obs-studio,obsproject,2013-10-01T02:40:31Z,2026-03-13T13:33:24Z,C,5425,238,0,0,70900
protobuf,protocolbuffers,2014-08-26T15:52:15Z,2026-03-13T15:31:11Z,C++,8771,208,0,0,70834
caddy,caddyserver,2015-01-13T19:45:03Z,2026-03-13T15:45:27Z,Go,2266,134,0,0,70764
reveal.js,hakimel,2011-06-07T18:54:22Z,2026-03-13T15:50:01Z,JavaScript,414,50,0,0,70722
gpt_academic,binary-husky,2023-03-20T09:05:13Z,2026-03-13T14:31:08Z,Python,228,32,0,0,70219
awesome-cpp,fffaraz,2014-07-17T08:51:11Z,2026-03-13T15:40:38Z,None,840,0,0,0,70175
swift,swiftlang,2015-10-23T21:15:07Z,2026-03-13T15:46:05Z,C++,58186,66,0,0,69857
tabby,Eugeny,2016-12-23T09:06:10Z,2026-03-13T15:23:17Z,TypeScript,1512,204,0,0,69508
SecLists,danielmiessler,2012-02-19T01:30:18Z,2026-03-13T14:13:11Z,PHP,696,29,0,0,69429
awesome-scalability,binhnguyennus,2017-12-27T03:46:40Z,2026-03-13T15:24:13Z,None,37,0,0,0,69357
act,nektos,2019-01-02T19:53:43Z,2026-03-13T14:54:34Z,Go,1057,92,0,0,69321
OpenHands,OpenHands,2024-03-13T03:33:31Z,2026-03-13T15:30:30Z,Python,6490,100,0,0,69047
express,expressjs,2009-06-26T18:56:01Z,2026-03-13T15:46:21Z,JavaScript,522,164,0,0,68873
node,base,2023-02-01T13:55:02Z,2026-03-13T13:33:27Z,Go,249,72,0,0,68694
AppFlowy,AppFlowy-IO,2021-06-16T12:56:48Z,2026-03-13T15:31:46Z,Dart,3894,128,0,0,68571
LlamaFactory,hiyouga,2023-05-28T10:09:12Z,2026-03-13T15:48:11Z,Python,907,35,0,0,68366
ansible,ansible,2012-03-06T14:58:02Z,2026-03-13T15:46:32Z,Python,39688,207,0,0,68265
Chart.js,chartjs,2013-03-17T23:56:36Z,2026-03-13T11:27:57Z,JavaScript,3016,117,0,0,67257
awesome-courses,prakhar1989,2014-11-15T18:36:49Z,2026-03-13T12:27:45Z,None,194,0,0,0,66999
anime,juliangarnier,2016-03-13T21:37:45Z,2026-03-13T14:58:10Z,JavaScript,87,34,0,0,66837
33-js-concepts,leonardomso,2018-09-04T13:27:04Z,2026-03-13T08:22:32Z,JavaScript,262,0,0,0,66276
webpack,webpack,2012-03-10T10:08:14Z,2026-03-13T15:46:39Z,JavaScript,5577,448,0,0,66014
echarts,apache,2013-04-03T03:18:59Z,2026-03-13T13:54:27Z,TypeScript,1494,122,0,0,65924
annotated_deep_learning_paper_implementations,labmlai,2020-08-25T02:29:34Z,2026-03-13T15:23:50Z,Python,104,0,0,0,65920
AFFiNE,toeverything,2022-07-31T18:45:21Z,2026-03-13T15:46:23Z,TypeScript,9044,541,0,0,65847
ChinaTextbook,TapXWorld,2020-01-05T04:11:06Z,2026-03-13T14:57:47Z,Roff,1,0,0,0,65815
gpt4free,xtekky,2023-03-29T17:00:43Z,2026-03-13T15:20:35Z,Python,872,431,0,0,65751
ghidra,NationalSecurityAgency,2019-03-01T03:27:48Z,2026-03-13T14:23:41Z,Java,556,52,0,0,65689
scikit-learn,scikit-learn,2010-08-17T09:43:38Z,2026-03-13T15:46:02Z,Python,14187,49,0,0,65371
javascript-questions,lydiahallie,2019-06-12T08:26:27Z,2026-03-13T12:55:12Z,None,328,0,0,0,65302
awesome-nodejs,sindresorhus,2014-07-11T13:35:34Z,2026-03-13T15:34:51Z,None,421,0,0,0,65281
Java,TheAlgorithms,2016-07-16T10:21:02Z,2026-03-13T15:17:49Z,Java,2271,0,0,0,65199
MetaGPT,FoundationAgents,2023-06-30T09:04:55Z,2026-03-13T15:36:53Z,Python,673,22,0,0,65079
codex,openai,2025-04-13T05:37:54Z,2026-03-13T15:43:45Z,Rust,4551,611,0,0,65067
design-resources-for-developers,bradtraversy,2020-05-06T14:40:35Z,2026-03-13T14:11:20Z,None,967,0,0,0,65009
nocode,kelseyhightower,2018-02-06T23:54:00Z,2026-03-13T15:18:53Z,Dockerfile,1,1,0,0,64987
interviews,kdn251,2017-02-14T18:19:25Z,2026-03-13T15:46:22Z,Java,42,0,0,0,64946
Apollo-11,chrislgarry,2014-04-03T15:45:02Z,2026-03-13T15:27:06Z,Assembly,355,0,0,0,64657
localstack,localstack,2016-10-25T23:48:03Z,2026-03-13T14:35:20Z,Python,6813,106,0,0,64649
daytona,daytonaio,2024-02-06T08:21:20Z,2026-03-13T15:43:42Z,TypeScript,1913,164,0,0,64495
docusaurus,facebook,2017-06-20T16:13:53Z,2026-03-13T12:27:28Z,TypeScript,5633,154,0,0,64109
keras,keras-team,2015-03-28T00:35:42Z,2026-03-13T15:45:39Z,Python,4694,86,0,0,63903
prometheus,prometheus,2012-11-24T11:14:12Z,2026-03-13T15:45:39Z,Go,8257,359,0,0,63160
OpenBB,OpenBB-finance,2020-12-20T10:46:38Z,2026-03-13T15:47:23Z,Python,4222,55,0,0,62972
socket.io,socketio,2010-03-11T18:24:48Z,2026-03-13T13:18:00Z,TypeScript,441,83,0,0,62945
alacritty,alacritty,2016-02-18T05:02:30Z,2026-03-13T15:44:09Z,Rust,1918,105,0,0,62915
resume.github.com,resume,2011-02-06T13:39:55Z,2026-03-13T06:15:39Z,JavaScript,84,0,0,0,62813
open-interpreter,openinterpreter,2023-07-14T07:10:44Z,2026-03-13T14:09:04Z,Python,384,48,0,0,62679
nocodb,nocodb,2017-10-29T18:51:48Z,2026-03-13T15:46:07Z,TypeScript,5853,183,0,0,62418
traefik,traefik,2015-09-13T19:04:02Z,2026-03-13T15:45:39Z,Go,5100,509,0,0,62153
rustlings,rust-lang,2015-09-15T02:25:18Z,2026-03-13T15:46:01Z,Rust,922,46,0,0,62153
uBlock,gorhill,2015-04-01T17:51:11Z,2026-03-13T14:34:34Z,JavaScript,256,285,0,0,62067
nerd-fonts,ryanoasis,2014-12-05T04:31:17Z,2026-03-13T15:13:10Z,CSS,565,38,0,0,61984
crawl4ai,unclecode,2024-05-09T09:48:50Z,2026-03-13T14:47:50Z,Python,170,13,0,0,61894
sway,FuelLabs,2021-01-19T20:54:33Z,2026-03-13T11:50:42Z,Rust,3643,185,0,0,61881
tldr,tldr-pages,2013-12-08T07:34:43Z,2026-03-13T15:28:35Z,Markdown,17860,6,0,0,61638
lodash,lodash,2012-04-07T04:11:46Z,2026-03-13T11:08:35Z,JavaScript,614,2,0,0,61575
redux,reduxjs,2015-05-29T23:53:15Z,2026-03-13T10:40:44Z,TypeScript,1747,78,0,0,61440
ladybird,LadybirdBrowser,2024-05-30T09:18:10Z,2026-03-13T15:51:17Z,C++,5974,0,0,0,61254
atom,atom,2012-01-20T18:18:21Z,2026-03-13T09:47:15Z,JavaScript,3937,538,0,0,60997
ripgrep,BurntSushi,2016-03-11T02:02:33Z,2026-03-13T15:46:33Z,Rust,544,74,0,0,60878
architect-awesome,xingshaocheng,2018-04-06T13:30:58Z,2026-03-13T11:56:48Z,None,49,0,0,0,60844
Front-end-Developer-Interview-Questions,h5bp,2012-02-09T23:34:10Z,2026-03-13T12:58:07Z,Nunjucks,485,0,0,0,60801
scrapy,scrapy,2010-02-22T02:01:14Z,2026-03-13T15:46:21Z,Python,2476,46,0,0,60725
leetcode-master,youngyangyang04,2019-12-14T12:05:42Z,2026-03-13T15:13:34Z,Shell,2311,0,0,0,60715
minio,minio,2015-01-14T19:23:58Z,2026-03-13T14:29:55Z,Go,9882,521,0,0,60473
openpilot,commaai,2016-11-24T01:33:30Z,2026-03-13T15:47:43Z,Python,12706,61,0,0,60300
markdown-here,adam-p,2012-05-13T03:27:22Z,2026-03-13T13:48:53Z,JavaScript,27,17,0,0,60169
jquery,jquery,2009-04-03T15:20:14Z,2026-03-13T14:43:47Z,JavaScript,870,13,0,0,59870
nuxt,nuxt,2016-10-26T11:18:47Z,2026-03-13T15:45:46Z,TypeScript,7530,275,0,0,59825
drawio-desktop,jgraph,2017-05-25T20:58:42Z,2026-03-13T15:41:59Z,JavaScript,25,170,0,0,59805
spring-framework,spring-projects,2010-12-08T04:04:45Z,2026-03-13T14:48:34Z,Java,908,359,0,0,59756
git,git,2008-07-23T14:21:26Z,2026-03-13T15:12:00Z,C,3,0,0,0,59651
Real-Time-Voice-Cloning,CorentinJ,2019-05-26T08:56:15Z,2026-03-13T10:52:14Z,Python,51,0,0,0,59518
30-Days-Of-Python,Asabeneh,2019-11-19T17:24:16Z,2026-03-13T15:47:06Z,Python,137,0,0,0,59461
pathway,pathwaycom,2022-11-27T13:01:14Z,2026-03-13T15:40:02Z,Python,19,84,0,0,59406
shadowsocks-windows,shadowsocks,2013-01-14T07:54:16Z,2026-03-13T13:13:45Z,C#,290,55,0,0,59282
awesome-flutter,Solido,2017-05-07T11:45:27Z,2026-03-13T13:59:43Z,Dart,448,0,0,0,59258
Magisk,topjohnwu,2016-09-08T12:42:53Z,2026-03-13T15:22:08Z,Rust,1690,156,0,0,59251
llama,meta-llama,2023-02-14T09:29:12Z,2026-03-13T15:48:11Z,Python,54,0,0,0,59215
cline,cline,2024-07-06T07:28:10Z,2026-03-13T15:16:29Z,TypeScript,3283,241,0,0,58953
angular.js,angular,2010-01-06T00:34:37Z,2026-03-13T10:31:41Z,JavaScript,790,0,0,0,58917
awesome-chatgpt-prompts-zh,PlexPt,2022-12-12T01:55:03Z,2026-03-13T14:04:09Z,None,33,0,0,0,58707
rails,rails,2008-04-11T02:19:47Z,2026-03-13T15:47:23Z,Ruby,25901,160,0,0,58326
mkcert,FiloSottile,2018-06-25T05:33:03Z,2026-03-13T14:16:16Z,Go,52,14,0,0,58290
FFmpeg,FFmpeg,2011-04-14T14:12:38Z,2026-03-13T15:37:24Z,C,0,0,0,0,57866
memos,usememos,2021-12-08T15:30:18Z,2026-03-13T15:31:59Z,Go,1929,86,0,0,57822
bat,sharkdp,2018-04-21T10:52:23Z,2026-03-13T15:49:51Z,Rust,1583,43,0,0,57623
astro,withastro,2021-03-15T17:19:47Z,2026-03-13T15:15:50Z,TypeScript,8315,1000,0,0,57508
html5-boilerplate,h5bp,2010-01-24T18:03:24Z,2026-03-13T12:59:03Z,JavaScript,804,34,0,0,57401
zustand,pmndrs,2019-04-09T09:10:06Z,2026-03-13T15:26:35Z,TypeScript,889,101,0,0,57364
fuel-core,FuelLabs,2020-08-27T21:12:14Z,2026-03-13T11:50:41Z,Rust,1621,125,0,0,57298
DeepLearning-500-questions,scutan90,2018-06-27T06:36:45Z,2026-03-13T15:50:29Z,JavaScript,302,0,0,0,57209
private-gpt,zylon-ai,2023-05-02T09:15:31Z,2026-03-13T15:43:07Z,Python,226,10,0,0,57176
yolov5,ultralytics,2020-05-18T03:45:11Z,2026-03-13T13:10:39Z,Python,2240,10,0,0,57002
you-get,soimort,2012-08-20T15:53:36Z,2026-03-13T09:53:50Z,Python,582,123,0,0,56771
pocketbase,pocketbase,2022-07-05T06:06:21Z,2026-03-13T13:46:00Z,Go,55,247,0,0,56717
vaultwarden,dani-garcia,2018-02-17T22:40:20Z,2026-03-13T15:39:50Z,Rust,1089,78,0,0,56708
meilisearch,meilisearch,2018-04-23T11:45:28Z,2026-03-13T15:16:32Z,Rust,2348,302,0,0,56375
react-router,remix-run,2014-05-16T22:22:51Z,2026-03-13T10:45:26Z,TypeScript,3417,326,0,0,56302
face_recognition,ageitgey,2017-03-03T21:52:39Z,2026-03-13T15:23:44Z,Python,94,2,0,0,56191
anything-llm,Mintplex-Labs,2023-06-04T02:29:14Z,2026-03-13T15:32:06Z,JavaScript,1318,25,0,0,56169
llm-app,pathwaycom,2023-07-19T08:43:37Z,2026-03-13T15:39:59Z,Jupyter Notebook,49,0,0,0,56144
awesome-rust,rust-unofficial,2014-07-17T10:45:10Z,2026-03-13T15:34:56Z,Rust,1712,0,0,0,56134
MinerU,opendatalab,2024-02-29T08:52:34Z,2026-03-13T15:18:37Z,Python,1320,143,0,0,56104
pi-hole,pi-hole,2014-06-08T15:02:55Z,2026-03-13T13:14:28Z,Shell,2173,123,0,0,56086
rclone,rclone,2014-03-16T16:19:57Z,2026-03-13T15:50:02Z,Go,2315,122,0,0,56002
gatsby,gatsbyjs,2015-05-21T22:43:05Z,2026-03-13T13:32:49Z,JavaScript,18266,158,0,0,55941
leetcode,azl397985856,2018-03-30T09:13:51Z,2026-03-13T12:57:37Z,JavaScript,257,40,0,0,55821
rich,Textualize,2019-11-10T15:28:09Z,2026-03-13T15:28:16Z,Python,860,175,0,0,55758
docling,docling-project,2024-07-09T07:50:26Z,2026-03-13T15:35:32Z,Python,764,158,0,0,55737
GPT-SoVITS,RVC-Boss,2024-01-14T18:05:21Z,2026-03-13T15:14:38Z,Python,355,4,0,0,55734
awesome-android-ui,wasabeef,2014-12-24T01:45:03Z,2026-03-13T15:35:05Z,None,90,0,0,0,55639
github-cheat-sheet,tiimgreen,2014-04-12T16:38:42Z,2026-03-13T11:47:10Z,None,129,0,0,0,55639
autogen,microsoft,2023-08-18T11:43:45Z,2026-03-13T15:39:45Z,Python,2535,98,0,0,55565
project-layout,golang-standards,2017-09-09T16:33:26Z,2026-03-13T14:02:48Z,Makefile,94,0,0,0,55542
gpt-engineer,AntonOsika,2023-04-29T12:52:15Z,2026-03-13T14:03:08Z,Python,351,21,0,0,55222
hackingtool,Z4nzu,2020-04-11T09:21:31Z,2026-03-13T11:38:49Z,Python,57,0,0,0,55221
OpenManus,FoundationAgents,2025-03-06T14:08:14Z,2026-03-13T15:48:36Z,Python,115,3,0,0,55211
appwrite,appwrite,2019-04-08T16:36:25Z,2026-03-13T15:45:10Z,TypeScript,4470,120,0,0,55083
faceswap,deepfakes,2017-12-19T09:44:13Z,2026-03-13T11:57:15Z,Python,364,5,0,0,55038
nanoGPT,karpathy,2022-12-28T00:51:12Z,2026-03-13T15:24:19Z,Python,45,0,0,0,54782
starship,starship,2019-04-02T03:23:12Z,2026-03-13T15:50:01Z,Rust,3060,138,0,0,54754
marktext,marktext,2017-11-12T16:05:25Z,2026-03-13T15:46:03Z,JavaScript,944,36,0,0,54420
ChatGPT,lencx,2022-12-07T09:43:02Z,2026-03-13T12:32:45Z,Rust,123,34,0,0,54374
ultralytics,ultralytics,2022-09-11T16:39:45Z,2026-03-13T15:51:57Z,Python,4270,349,0,0,54338
gitea,go-gitea,2016-11-01T02:13:26Z,2026-03-13T15:31:46Z,Go,18554,225,0,0,54266
element,ElemeFE,2016-09-03T06:19:26Z,2026-03-13T10:28:20Z,Vue,3231,145,0,0,54208
maybe,maybe-finance,2024-01-01T22:23:46Z,2026-03-13T11:26:25Z,Ruby,1073,28,0,0,54047
unsloth,unslothai,2023-11-29T16:50:09Z,2026-03-13T15:45:00Z,Python,793,23,0,0,53907
ai-agents-for-beginners,microsoft,2024-11-28T10:42:52Z,2026-03-13T15:49:03Z,Jupyter Notebook,317,0,0,0,53879
joplin,laurent22,2017-01-16T21:49:41Z,2026-03-13T15:42:24Z,TypeScript,5285,401,0,0,53873
requests,psf,2011-02-13T18:38:17Z,2026-03-13T14:15:03Z,Python,1619,14,0,0,53855
normalize.css,necolas,2011-05-04T10:20:25Z,2026-03-13T08:26:43Z,CSS,56,0,0,0,53766
segment-anything,facebookresearch,2023-03-23T17:03:03Z,2026-03-13T14:21:41Z,Jupyter Notebook,16,0,0,0,53655
dive,wagoodman,2018-05-13T15:44:01Z,2026-03-13T15:49:13Z,Go,164,28,0,0,53562
powerlevel10k,romkatv,2019-02-24T19:09:45Z,2026-03-13T15:45:40Z,Shell,169,33,0,0,53266
core,vuejs,2018-06-12T13:49:36Z,2026-03-13T15:29:21Z,TypeScript,3664,269,0,0,53224
trackerslist,ngosang,2016-04-24T11:57:57Z,2026-03-13T14:27:54Z,None,1,0,0,0,53181
material-design-icons,google,2014-10-08T18:01:28Z,2026-03-13T15:48:07Z,None,50,16,0,0,52978
pdf.js,mozilla,2011-04-26T06:32:03Z,2026-03-13T14:58:30Z,JavaScript,8509,83,0,0,52976
first-contributions,firstcontributions,2016-09-20T14:35:09Z,2026-03-13T15:48:54Z,None,95002,0,0,0,52962
n8n-workflows,Zie619,2025-05-14T08:43:59Z,2026-03-13T15:31:34Z,Python,34,1,0,0,52868
ImHex,WerWolv,2020-11-10T14:27:00Z,2026-03-13T13:14:10Z,C++,727,82,0,0,52865
Free-Certifications,cloudcommunity,2020-07-31T10:26:19Z,2026-03-13T13:36:58Z,None,115,0,0,0,52582
kotlin,JetBrains,2012-02-13T17:29:58Z,2026-03-13T15:37:36Z,Kotlin,2157,285,0,0,52452
ionic-framework,ionic-team,2013-08-20T23:06:02Z,2026-03-13T14:33:44Z,TypeScript,6530,931,0,0,52404
Docker-OSX,sickcodes,2020-06-04T11:01:37Z,2026-03-13T15:29:55Z,Shell,109,0,0,0,52264
v2rayNG,2dust,2019-05-15T02:15:31Z,2026-03-13T15:29:43Z,Kotlin,541,284,0,0,52076
Ghost,TryGhost,2013-05-04T11:09:13Z,2026-03-13T15:34:31Z,JavaScript,15761,956,0,0,52029
typst,typst,2019-09-24T21:41:56Z,2026-03-13T15:46:08Z,Rust,2247,27,0,0,52013
termux-app,termux,2015-10-23T09:42:46Z,2026-03-13T14:38:40Z,Java,177,95,0,0,51895
PowerShell,PowerShell,2016-01-13T23:41:35Z,2026-03-13T15:46:57Z,C#,8127,195,0,0,51847
prettier,prettier,2016-11-29T17:13:37Z,2026-03-13T15:46:40Z,JavaScript,9670,134,0,0,51733
coolify,coollabsio,2021-01-25T20:54:01Z,2026-03-13T15:06:02Z,PHP,2346,670,0,0,51669
etcd,etcd-io,2013-07-06T21:57:21Z,2026-03-13T15:46:03Z,Go,10239,272,0,0,51603
grok-1,xai-org,2024-03-17T08:53:38Z,2026-03-13T13:06:02Z,Python,5,0,0,0,51536
awesome-ios,vsouza,2014-07-10T16:03:45Z,2026-03-13T15:26:23Z,Swift,2240,0,0,0,51523
guava,google,2014-05-29T16:23:17Z,2026-03-13T15:45:15Z,Java,1211,57,0,0,51500
jekyll,jekyll,2008-10-20T06:29:03Z,2026-03-13T13:18:48Z,Ruby,3198,112,0,0,51444
Semantic-UI,Semantic-Org,2013-04-08T23:32:04Z,2026-03-11T20:49:30Z,JavaScript,356,154,0,0,51134
chinese-poetry,chinese-poetry,2016-09-02T03:32:25Z,2026-03-13T12:48:07Z,JavaScript,137,1,0,0,51082
DefinitelyTyped,DefinitelyTyped,2012-10-05T16:39:45Z,2026-03-13T13:04:12Z,TypeScript,52981,1,0,0,51050
Motrix,agalwood,2018-12-18T11:45:05Z,2026-03-13T15:52:09Z,JavaScript,192,21,0,0,51026
go-ethereum,ethereum,2013-12-26T13:05:46Z,2026-03-13T13:18:48Z,Go,8804,228,0,0,50911
Flowise,FlowiseAI,2023-03-31T12:23:09Z,2026-03-13T15:12:11Z,TypeScript,1589,80,0,0,50691
professional-programming,charlax,2015-11-07T05:07:52Z,2026-03-13T13:34:57Z,Python,43,0,0,0,50657
awesome-wechat-weapp,justjavac,2016-09-22T20:04:48Z,2026-03-13T15:49:47Z,None,278,0,0,0,50616
hiring-without-whiteboards,poteto,2017-03-15T05:09:01Z,2026-03-13T08:04:45Z,JavaScript,1309,0,0,0,50488
windows,dockur,2024-01-14T13:09:40Z,2026-03-13T13:13:46Z,Shell,519,119,0,0,50325
MoneyPrinterTurbo,harry0703,2024-03-11T02:57:34Z,2026-03-13T15:08:56Z,Python,145,9,0,0,50187
lazydocker,jesseduffield,2019-05-18T08:53:50Z,2026-03-13T15:48:13Z,Go,191,45,0,0,50105
bulma,jgthms,2016-01-23T23:48:34Z,2026-03-13T13:01:23Z,CSS,646,22,0,0,50059
100-Days-Of-ML-Code,Avik-Jain,2018-07-05T09:11:43Z,2026-03-13T10:23:32Z,None,6,0,0,0,49818
mastodon,mastodon,2016-02-22T15:01:25Z,2026-03-13T14:42:58Z,Ruby,19227,327,0,0,49746
mem0,mem0ai,2023-06-20T08:58:36Z,2026-03-13T15:51:19Z,Python,1833,273,0,0,49689
cypress,cypress-io,2015-03-04T00:46:28Z,2026-03-13T13:57:53Z,TypeScript,8087,387,0,0,49609
odoo,odoo,2014-05-13T15:38:58Z,2026-03-13T15:47:52Z,Python,6182,0,0,0,49490
hacker-scripts,NARKOZ,2015-11-21T19:05:09Z,2026-03-13T09:58:22Z,JavaScript,63,0,0,0,49431
jellyfin,jellyfin,2018-12-09T06:36:45Z,2026-03-13T15:16:50Z,C#,5186,102,0,0,49288
lx-music-desktop,lyswhut,2019-08-14T14:31:08Z,2026-03-13T15:05:50Z,TypeScript,91,112,0,0,49287
open-source-ios-apps,dkhamsing,2015-01-26T23:32:34Z,2026-03-13T13:37:33Z,None,1550,37,0,0,49213
alist,AlistGo,2020-12-23T17:40:29Z,2026-03-13T14:43:23Z,Go,905,143,0,0,49164
json,nlohmann,2013-07-04T08:47:49Z,2026-03-13T12:54:30Z,C++,1010,45,0,0,49101
dbeaver,dbeaver,2015-10-21T08:26:28Z,2026-03-13T15:38:03Z,Java,6749,243,0,0,49085
winutil,ChrisTitusTech,2022-04-28T02:25:19Z,2026-03-13T15:44:42Z,PowerShell,1085,34,0,0,48992
context7,upstash,2025-03-26T23:40:39Z,2026-03-13T15:49:49Z,TypeScript,286,54,0,0,48880
huginn,huginn,2013-03-10T06:00:31Z,2026-03-13T14:28:48Z,Ruby,1065,1,0,0,48864
TrendRadar,sansan0,2025-04-28T11:42:16Z,2026-03-13T15:51:42Z,Python,1,0,0,0,48840
query,TanStack,2019-09-10T19:23:58Z,2026-03-13T15:28:23Z,TypeScript,3209,1000,0,0,48797
ai-hedge-fund,virattt,2024-11-29T16:30:01Z,2026-03-13T15:45:24Z,Python,44,0,0,0,48708
dayjs,iamkun,2018-04-10T09:26:44Z,2026-03-13T14:29:30Z,JavaScript,720,126,0,0,48589
julia,JuliaLang,2011-04-21T07:01:50Z,2026-03-13T15:46:02Z,Julia,26916,196,0,0,48534
RxJava,ReactiveX,2013-01-08T20:11:48Z,2026-03-13T14:40:35Z,Java,3378,243,0,0,48484
algorithm-visualizer,algorithm-visualizer,2016-05-15T00:27:45Z,2026-03-13T15:03:51Z,JavaScript,183,0,0,0,48380
pandas,pandas-dev,2010-08-24T01:37:33Z,2026-03-13T15:45:42Z,Python,28081,118,0,0,48125
moment,moment,2011-03-01T02:46:06Z,2026-03-13T10:32:12Z,JavaScript,714,0,0,0,48044
expo,expo,2016-08-15T17:14:25Z,2026-03-13T15:33:46Z,TypeScript,20744,0,0,0,47918
terraform,hashicorp,2014-03-13T22:25:48Z,2026-03-13T15:46:03Z,Go,13226,404,0,0,47913
x64dbg,x64dbg,2015-04-11T20:48:23Z,2026-03-13T13:55:37Z,C++,774,4,0,0,47881
Fooocus,lllyasviel,2023-08-09T18:43:40Z,2026-03-13T14:56:34Z,Python,448,21,0,0,47855
nanochat,karpathy,2025-10-13T13:46:35Z,2026-03-13T15:52:14Z,Python,73,0,0,0,47850
type-challenges,type-challenges,2020-07-23T14:33:11Z,2026-03-13T14:53:43Z,TypeScript,600,0,0,0,47816
open-source-mac-os-apps,serhii-londar,2017-11-03T02:35:33Z,2026-03-13T13:37:44Z,None,614,0,0,0,47808
kubernetes-the-hard-way,kelseyhightower,2016-07-07T14:15:27Z,2026-03-13T12:07:42Z,None,73,0,0,0,47710
llama_index,run-llama,2022-11-02T04:24:54Z,2026-03-13T15:43:20Z,Python,7667,426,0,0,47647
design-patterns-for-humans,kamranahmedse,2017-02-16T21:24:39Z,2026-03-13T12:57:38Z,None,50,0,0,0,47621
freqtrade,freqtrade,2017-05-17T23:48:53Z,2026-03-13T15:52:56Z,Python,6340,110,0,0,47622
htmx,bigskysoftware,2020-04-13T16:17:51Z,2026-03-13T15:31:10Z,JavaScript,1059,27,0,0,47612
jadx,skylot,2013-03-18T17:08:21Z,2026-03-13T14:59:17Z,Java,623,34,0,0,47609
big-list-of-naughty-strings,minimaxir,2015-08-08T20:57:20Z,2026-03-12T15:26:52Z,Python,89,0,0,0,47606
gogs,gogs,2014-02-12T01:57:08Z,2026-03-13T11:29:31Z,Go,1869,96,0,0,47578
whisper.cpp,ggml-org,2022-09-25T18:26:37Z,2026-03-13T15:44:31Z,C++,932,31,0,0,47493
Projects,karan,2013-07-04T13:37:27Z,2026-03-13T14:18:09Z,None,19,0,0,0,47468
awesome-java,akullpp,2014-07-09T10:12:43Z,2026-03-13T15:46:43Z,None,733,0,0,0,47297
chinese-independent-developer,1c7,2017-09-21T11:08:23Z,2026-03-13T15:05:01Z,None,418,0,0,0,47085
PythonDataScienceHandbook,jakevdp,2016-08-10T14:24:36Z,2026-03-13T12:22:39Z,Jupyter Notebook,28,0,0,0,47036
awesome-react-components,brillout,2016-06-24T15:19:33Z,2026-03-13T15:35:21Z,None,343,0,0,0,47022
react,typescript-cheatsheets,2018-06-02T04:08:16Z,2026-03-13T07:20:35Z,JavaScript,375,0,0,0,47006
brew,Homebrew,2016-03-06T05:08:38Z,2026-03-13T15:13:19Z,Ruby,13838,474,0,0,46993
quill,slab,2012-07-30T23:23:18Z,2026-03-13T14:56:37Z,TypeScript,382,95,0,0,46951
serverless,serverless,2015-04-21T03:48:40Z,2026-03-13T15:02:50Z,JavaScript,4867,480,0,0,46951
v2ray-core,v2ray,2015-09-04T11:42:53Z,2026-03-13T07:30:38Z,Go,203,247,0,0,46947
okhttp,square,2012-07-23T13:42:55Z,2026-03-13T15:52:18Z,Kotlin,3974,0,0,0,46924
pixijs,pixijs,2013-01-21T22:40:50Z,2026-03-13T13:53:14Z,TypeScript,3812,304,0,0,46736
Made-With-ML,GokuMohandas,2018-11-05T03:44:27Z,2026-03-13T15:47:27Z,Jupyter Notebook,147,1,0,0,46719
Pake,tw93,2022-10-14T09:32:57Z,2026-03-13T13:14:44Z,Rust,111,41,0,0,46623
discourse,discourse,2013-01-12T00:25:55Z,2026-03-13T15:47:05Z,Ruby,33660,0,0,0,46546
plane,makeplane,2022-11-19T12:55:01Z,2026-03-13T14:48:07Z,TypeScript,6280,54,0,0,46544
OpenCut,OpenCut-app,2025-06-22T08:02:17Z,2026-03-13T15:48:13Z,TypeScript,187,2,0,0,46538
ghostty,ghostty-org,2022-03-29T17:38:26Z,2026-03-13T15:45:28Z,Zig,3675,1,0,0,46481
metabase,metabase,2015-02-02T19:25:47Z,2026-03-13T15:23:51Z,Clojure,39747,735,0,0,46389
awesome-design-patterns,DovAmir,2018-06-04T17:47:48Z,2026-03-13T10:19:07Z,None,30,0,0,0,46383
ClickHouse,ClickHouse,2016-06-02T08:28:18Z,2026-03-13T15:17:20Z,C++,59382,746,0,0,46317
ruff,astral-sh,2022-08-09T17:17:44Z,2026-03-13T15:46:22Z,Rust,13717,403,0,0,46259
text-generation-webui,oobabooga,2022-12-21T04:17:37Z,2026-03-13T14:30:04Z,Python,1237,93,0,0,46242
frontend-dev-bookmarks,dypsilon,2013-06-22T13:23:55Z,2026-03-13T12:54:03Z,None,129,1,0,0,46179
30-Days-Of-JavaScript,Asabeneh,2019-12-23T14:07:40Z,2026-03-13T09:57:30Z,JavaScript,100,0,0,0,46172
learn-regex,ziishaned,2017-07-22T12:21:03Z,2026-03-13T08:23:46Z,None,132,0,0,0,46154
AI-For-Beginners,microsoft,2021-03-03T16:27:36Z,2026-03-13T15:39:34Z,Jupyter Notebook,289,0,0,0,46027
crewAI,crewAIInc,2023-10-27T03:26:59Z,2026-03-13T15:47:19Z,Python,1407,142,0,0,45971
acme.sh,acmesh-official,2015-12-26T12:56:33Z,2026-03-13T15:18:18Z,Shell,1514,46,0,0,45957
tldraw,tldraw,2021-05-09T11:48:37Z,2026-03-13T15:50:35Z,TypeScript,4469,102,0,0,45805
monaco-editor,microsoft,2016-06-07T16:56:31Z,2026-03-13T15:09:31Z,JavaScript,558,187,0,0,45732
MediaCrawler,NanmiCoder,2023-06-09T12:14:34Z,2026-03-13T15:44:41Z,Python,132,0,0,0,45707
architecture-samples,android,2016-02-05T13:42:07Z,2026-03-13T13:01:42Z,Kotlin,232,0,0,0,45606
GitHubDaily,GitHubDaily,2018-12-30T13:56:58Z,2026-03-13T15:10:39Z,None,3,0,0,0,45596
prisma,prisma,2019-06-20T13:33:47Z,2026-03-13T15:42:14Z,TypeScript,6757,243,0,0,45517
awesome-cheatsheets,LeCoupa,2017-11-09T02:47:15Z,2026-03-13T13:20:38Z,JavaScript,171,0,0,0,45476
nvm-windows,coreybutler,2014-09-20T16:37:28Z,2026-03-13T14:04:43Z,Go,107,23,0,0,45424
JeecgBoot,jeecgboot,2018-11-26T10:40:00Z,2026-03-13T15:49:47Z,Java,126,70,0,0,45393
jest,jestjs,2013-12-10T00:18:04Z,2026-03-13T13:01:22Z,TypeScript,5774,214,0,0,45325
AdminLTE,ColorlibHQ,2013-12-25T02:52:40Z,2026-03-13T11:10:21Z,CSS,1565,78,0,0,45320
zx,google,2021-05-05T05:50:01Z,2026-03-13T15:25:39Z,JavaScript,605,100,0,0,45276
bevy,bevyengine,2020-01-18T21:13:55Z,2026-03-13T15:09:01Z,Rust,7518,53,0,0,45051
spotube,KRTirtho,2021-02-14T03:17:58Z,2026-03-13T15:46:08Z,Dart,257,43,0,0,44924
Rocket.Chat,RocketChat,2015-05-19T07:36:09Z,2026-03-13T14:58:25Z,TypeScript,15742,1000,0,0,44873
CppCoreGuidelines,isocpp,2015-08-19T20:22:52Z,2026-03-13T12:56:27Z,CSS,826,4,0,0,44835
penpot,penpot,2015-12-29T22:09:07Z,2026-03-13T15:48:07Z,Clojure,5583,69,0,0,44808
TTS,coqui-ai,2020-05-20T15:45:28Z,2026-03-13T12:34:04Z,Python,467,98,0,0,44801
slidev,slidevjs,2021-04-24T01:25:23Z,2026-03-13T15:35:51Z,TypeScript,805,419,0,0,44789
meteor,meteor,2012-01-19T01:58:17Z,2026-03-13T14:43:51Z,JavaScript,2684,0,0,0,44777
legado,gedoor,2019-05-22T04:18:58Z,2026-03-13T12:16:06Z,Kotlin,1139,115,0,0,44757
hyper,vercel,2016-07-01T06:01:21Z,2026-03-13T13:44:33Z,TypeScript,3291,88,0,0,44714
Leaflet,Leaflet,2010-09-22T16:57:44Z,2026-03-13T14:01:24Z,JavaScript,3244,34,0,0,44639
airflow,apache,2015-04-13T18:04:58Z,2026-03-13T15:44:11Z,Python,34592,115,0,0,44623
react-hook-form,react-hook-form,2019-03-05T23:47:10Z,2026-03-13T14:26:03Z,TypeScript,2142,600,0,0,44588
grpc,grpc,2014-12-08T18:58:53Z,2026-03-13T09:15:27Z,C++,20528,364,0,0,44480
edex-ui,GitSquared,2017-01-28T09:35:02Z,2026-03-13T13:49:57Z,JavaScript,399,29,0,0,44417
pyenv,pyenv,2012-08-31T06:57:52Z,2026-03-13T14:45:29Z,Shell,1046,151,0,0,44410
awesome-compose,docker,2020-02-13T08:51:42Z,2026-03-13T15:35:30Z,HTML,149,0,0,0,44356
reactjs-interview-questions,sudheerj,2018-05-31T17:17:01Z,2026-03-13T13:40:59Z,JavaScript,170,0,0,0,44355
build-web-application-with-golang,astaxie,2012-08-02T11:49:35Z,2026-03-11T15:55:13Z,Go,757,0,0,0,44155
EasySpider,NaiboWang,2020-07-18T02:41:27Z,2026-03-13T15:50:35Z,JavaScript,44,10,0,0,44072
iina,iina,2016-12-19T07:18:45Z,2026-03-13T15:23:52Z,Swift,885,47,0,0,44047
parcel,parcel-bundler,2017-08-07T16:36:47Z,2026-03-12T18:35:14Z,JavaScript,2600,52,0,0,44044
awesome-remote-job,lukasz-madon,2015-01-02T00:31:34Z,2026-03-13T14:36:01Z,None,593,0,0,0,44029
react-use,streamich,2018-10-27T10:16:05Z,2026-03-13T06:38:49Z,TypeScript,1533,256,0,0,43949
upscayl,upscayl,2022-07-30T17:19:20Z,2026-03-13T15:32:44Z,TypeScript,0,29,0,0,43916
retrofit,square,2010-09-06T21:39:43Z,2026-03-13T14:11:36Z,HTML,1345,4,0,0,43905
babel,babel,2014-09-28T13:38:23Z,2026-03-13T13:36:53Z,TypeScript,6560,452,0,0,43902
front-end-interview-handbook,yangshun,2018-01-13T19:40:08Z,2026-03-13T13:39:07Z,MDX,349,0,0,0,43900
streamlit,streamlit,2019-08-24T00:14:52Z,2026-03-13T15:53:06Z,Python,6940,116,0,0,43866
TensorFlow-Examples,aymericdamien,2015-11-11T14:21:19Z,2026-03-12T11:05:44Z,Jupyter Notebook,88,0,0,0,43799
Summer2026-Internships,SimplifyJobs,2020-05-23T20:53:18Z,2026-03-13T15:31:46Z,Python,1674,0,0,0,43759
awesome-claude-skills,ComposioHQ,2025-10-17T07:15:01Z,2026-03-13T15:49:22Z,Python,20,0,0,0,43692
LocalAI,mudler,2023-03-18T22:58:02Z,2026-03-13T15:48:36Z,Go,5013,97,0,0,43536
cobra,spf13,2013-09-03T20:40:26Z,2026-03-13T15:32:43Z,Go,626,27,0,0,43429
helix,helix-editor,2020-06-01T04:26:56Z,2026-03-13T15:45:23Z,Rust,4616,30,0,0,43427
TrafficMonitor,zhongyang219,2017-07-30T02:51:17Z,2026-03-13T14:51:25Z,C++,67,26,0,0,43427
jsoncrack.com,AykutSarac,2022-01-30T15:25:18Z,2026-03-13T15:48:08Z,TypeScript,89,23,0,0,43425
copyparty,9001,2019-05-26T15:28:33Z,2026-03-13T13:56:19Z,Python,172,338,0,0,43404
fuels-rs,FuelLabs,2021-10-31T22:33:54Z,2026-03-13T14:05:51Z,Rust,911,120,0,0,43374
sentry,getsentry,2010-08-30T22:06:41Z,2026-03-13T15:41:00Z,Python,82324,163,0,0,43356
fuels-ts,FuelLabs,2021-09-03T18:11:03Z,2026-03-12T14:28:56Z,TypeScript,1979,156,0,0,43327
milvus,milvus-io,2019-09-16T06:43:43Z,2026-03-13T15:45:23Z,Go,24894,154,0,0,43276
cli,cli,2019-10-03T15:24:53Z,2026-03-13T14:16:16Z,Go,2827,191,0,0,43083
spark,apache,2014-02-25T08:00:08Z,2026-03-13T15:44:49Z,Scala,9,0,0,0,42984
pm2,Unitech,2013-05-21T03:25:25Z,2026-03-13T09:48:52Z,JavaScript,558,134,0,0,42982
CPlusPlusThings,Light-City,2019-07-14T08:45:45Z,2026-03-13T15:06:17Z,C++,78,0,0,0,42961
tmux,tmux,2015-06-03T23:32:55Z,2026-03-13T15:51:14Z,C,3,39,0,0,42948
kong,Kong,2014-11-17T23:56:08Z,2026-03-13T15:24:51Z,Lua,6501,145,0,0,42945
zig,ziglang,2015-08-06T00:51:28Z,2026-03-13T15:44:08Z,Zig,9540,21,0,0,42820
what-happens-when,alex,2013-11-07T04:30:06Z,2026-03-13T15:24:53Z,None,108,0,0,0,42809
python-patterns,faif,2012-06-06T21:02:35Z,2026-03-13T14:22:13Z,Python,289,0,0,0,42793
mitmproxy,mitmproxy,2010-02-16T04:10:13Z,2026-03-13T15:53:24Z,Python,2741,79,0,0,42645
RSSHub,DIYgod,2018-04-02T14:43:21Z,2026-03-13T15:04:03Z,TypeScript,12154,0,0,0,42620
pandoc,jgm,2010-03-20T20:34:23Z,2026-03-13T15:28:59Z,Haskell,1763,153,0,0,42575
exo,exo-explore,2024-06-24T18:36:22Z,2026-03-13T15:28:42Z,Python,623,13,0,0,42562
fanqiang,bannedbook,2015-01-14T00:34:25Z,2026-03-13T15:41:02Z,Kotlin,3,3,0,0,42558
Umi-OCR,hiroi-sora,2022-03-28T04:01:46Z,2026-03-13T13:53:52Z,Python,58,31,0,0,42550
git-flight-rules,k88hudson,2014-07-22T20:35:09Z,2026-03-13T13:33:55Z,None,226,0,0,0,42477
Files,files-community,2019-01-04T18:19:14Z,2026-03-13T15:27:30Z,C#,5530,131,0,0,42388
Alamofire,Alamofire,2014-07-31T05:56:19Z,2026-03-13T13:15:39Z,Swift,664,104,0,0,42359
chatgpt-on-wechat,zhayujie,2022-08-07T08:33:41Z,2026-03-13T15:05:31Z,Python,291,66,0,0,42183
ailearning,apachecn,2017-02-25T08:53:02Z,2026-03-13T13:10:53Z,Python,478,2,0,0,42122
zod,colinhacks,2020-03-07T20:59:08Z,2026-03-13T12:35:53Z,TypeScript,975,201,0,0,42105
diagrams,mingrammer,2020-02-02T15:23:24Z,2026-03-13T12:13:00Z,Python,341,46,0,0,42067
fd,sharkdp,2017-05-09T21:27:10Z,2026-03-13T15:45:15Z,Rust,714,44,0,0,42022
full-stack-fastapi-template,fastapi,2019-02-23T15:08:34Z,2026-03-13T15:11:51Z,TypeScript,622,12,0,0,42022
gradio,gradio-app,2018-12-19T08:24:04Z,2026-03-13T14:36:31Z,Python,5375,1000,0,0,42014
aider,Aider-AI,2023-05-09T18:57:49Z,2026-03-13T15:32:42Z,Python,285,93,0,0,41911
siyuan,siyuan-note,2020-08-30T09:21:35Z,2026-03-13T15:22:16Z,TypeScript,718,880,0,0,41840
swiper,nolimits4web,2012-03-14T19:11:45Z,2026-03-13T13:48:59Z,JavaScript,619,94,0,0,41810
DeepSpeed,deepspeedai,2020-01-23T18:35:18Z,2026-03-13T15:02:07Z,Python,2954,107,0,0,41803
bruno,usebruno,2022-09-27T20:51:45Z,2026-03-13T14:30:58Z,JavaScript,2080,160,0,0,41775
ray,ray-project,2016-10-25T19:38:30Z,2026-03-13T15:45:10Z,Python,30159,122,0,0,41714
English-level-up-tips,byoungd,2017-05-30T07:18:52Z,2026-03-13T12:23:28Z,None,26,0,0,0,41713
dubbo,apache,2012-06-19T07:56:02Z,2026-03-13T07:47:59Z,Java,6024,113,0,0,41710
Win11Debloat,Raphire,2020-10-27T22:26:59Z,2026-03-13T15:52:50Z,PowerShell,66,25,0,0,41689
system-design,karanpratapsingh,2022-08-15T18:59:54Z,2026-03-13T15:48:42Z,None,12,0,0,0,41601
nw.js,nwjs,2012-01-04T06:21:10Z,2026-03-12T19:14:32Z,JavaScript,576,0,0,0,41574
yarn,yarnpkg,2016-01-19T17:39:16Z,2026-03-13T12:29:14Z,JavaScript,1655,153,0,0,41528
logseq,logseq,2020-05-23T00:06:06Z,2026-03-13T15:46:08Z,Clojure,3140,152,0,0,41487
uni-app,dcloudio,2018-07-12T08:52:39Z,2026-03-13T12:02:14Z,JavaScript,555,0,0,0,41446
black,psf,2018-03-14T19:54:45Z,2026-03-13T15:47:43Z,Python,1740,53,0,0,41432
cherry-studio,CherryHQ,2024-05-24T01:56:26Z,2026-03-13T15:43:15Z,TypeScript,3087,247,0,0,41425
pure-bash-bible,dylanaraps,2018-06-13T01:39:33Z,2026-03-13T15:50:44Z,Shell,28,0,0,0,41419
ColossalAI,hpcaitech,2021-10-28T16:19:44Z,2026-03-13T14:40:33Z,Python,3705,50,0,0,41363
ccxt,ccxt,2017-05-14T15:41:56Z,2026-03-13T15:07:48Z,Python,14240,217,0,0,41319
hyperswitch,juspay,2022-10-17T11:18:28Z,2026-03-13T14:07:29Z,Rust,6567,152,0,0,41311
hexo,hexojs,2012-09-23T15:17:08Z,2026-03-13T13:21:37Z,TypeScript,975,117,0,0,41297
ChatGLM-6B,zai-org,2023-03-13T12:00:18Z,2026-03-13T15:07:41Z,Python,49,0,0,0,41221
payload,payloadcms,2021-01-05T18:49:45Z,2026-03-13T15:21:16Z,TypeScript,6781,559,0,0,41172
fastlane,fastlane,2014-12-02T17:00:38Z,2026-03-13T14:43:57Z,Ruby,6345,560,0,0,41171
minimind,jingyaogong,2024-07-27T04:34:12Z,2026-03-13T15:37:29Z,Python,9,2,0,0,41162
vue2-elm,bailicangdu,2016-12-23T01:49:20Z,2026-03-12T03:13:03Z,Vue,21,0,0,0,41158
cheat.sh,chubin,2017-05-07T21:40:56Z,2026-03-13T14:26:16Z,Python,129,0,0,0,41087
curl,curl,2010-03-18T22:32:22Z,2026-03-13T15:46:01Z,C,203,95,0,0,41086
styled-components,styled-components,2016-08-16T06:41:32Z,2026-03-13T10:54:04Z,TypeScript,995,189,0,0,41030
jan,janhq,2023-08-17T02:17:10Z,2026-03-13T15:38:47Z,TypeScript,3487,98,0,0,41028
vuetify,vuetifyjs,2016-09-12T00:39:35Z,2026-03-13T13:48:02Z,TypeScript,4673,643,0,0,40987
ui-ux-pro-max-skill,nextlevelbuilder,2025-11-30T11:36:31Z,2026-03-13T15:51:35Z,Python,64,17,0,0,40875
tabler,tabler,2018-02-01T09:08:59Z,2026-03-13T12:26:50Z,HTML,787,51,0,0,40841
WeChatMsg,LC044,2023-01-11T05:03:49Z,2026-03-13T15:22:25Z,None,62,0,0,0,40640
desktop,zen-browser,2024-03-28T00:05:55Z,2026-03-13T15:43:57Z,JavaScript,796,156,0,0,40633
cal.com,calcom,2021-03-22T13:47:42Z,2026-03-13T14:57:42Z,TypeScript,12932,611,0,0,40553
bubbletea,charmbracelet,2020-01-10T21:04:03Z,2026-03-13T15:05:54Z,Go,676,73,0,0,40543
BMAD-METHOD,bmad-code-org,2025-04-13T14:54:25Z,2026-03-13T15:41:55Z,JavaScript,437,25,0,0,40516
data-engineer-handbook,DataExpert-io,2023-11-19T19:47:41Z,2026-03-13T14:58:56Z,Jupyter Notebook,177,0,0,0,40487
50projects50days,bradtraversy,2020-11-16T14:39:01Z,2026-03-13T10:08:45Z,CSS,44,0,0,0,40485
daisyui,saadeghi,2020-11-28T22:57:27Z,2026-03-13T15:05:43Z,Svelte,528,184,0,0,40480
twenty,twentyhq,2022-12-01T13:04:40Z,2026-03-13T15:17:14Z,TypeScript,10252,59,0,0,40408
HEU_KMS_Activator,zbezj,2019-06-23T00:49:35Z,2026-03-13T15:42:52Z,None,0,50,0,0,40356
chakra-ui,chakra-ui,2019-08-17T14:27:54Z,2026-03-13T15:45:20Z,TypeScript,2929,1000,0,0,40349
zju-icicles,QSCTech,2016-06-28T16:17:32Z,2026-03-13T13:20:12Z,HTML,232,0,0,0,40341
aria2,aria2,2010-11-27T09:41:48Z,2026-03-13T09:16:52Z,C++,256,24,0,0,40272
wrk,wg,2012-03-20T11:12:28Z,2026-03-13T13:54:41Z,C,0,0,0,0,40132
remote-jobs,remoteintech,2015-10-13T03:49:25Z,2026-03-13T09:38:51Z,Nunjucks,1375,0,0,0,40092
vim,vim,2015-08-18T21:03:56Z,2026-03-13T15:51:32Z,Vim Script,440,0,0,0,40001
php-src,php,2011-06-16T01:52:25Z,2026-03-13T15:46:39Z,C,4809,44,0,0,39974
bert,google-research,2018-10-25T22:57:34Z,2026-03-13T14:17:46Z,Python,32,0,0,0,39910
puter,HeyPuter,2024-03-03T01:44:32Z,2026-03-13T15:52:27Z,JavaScript,1357,8,0,0,39881
tidb,pingcap,2015-09-06T04:01:52Z,2026-03-13T14:22:53Z,Go,34718,213,0,0,39867
esbuild,evanw,2016-06-14T16:08:50Z,2026-03-13T14:16:15Z,Go,258,310,0,0,39807
trpc,trpc,2020-07-18T01:17:11Z,2026-03-13T12:24:43Z,TypeScript,3855,231,0,0,39738
free,freefq,2020-06-07T02:48:33Z,2026-03-13T15:43:22Z,None,0,0,0,0,39723
oh-my-openagent,code-yeongyu,2025-12-03T01:40:05Z,2026-03-13T15:52:39Z,TypeScript,712,150,0,0,39714
Fabric,danielmiessler,2024-01-03T23:18:31Z,2026-03-13T15:45:02Z,Go,605,387,0,0,39709
gorm,go-gorm,2013-10-25T08:31:38Z,2026-03-13T14:32:24Z,Go,775,11,0,0,39639
Mole,tw93,2025-09-23T06:38:40Z,2026-03-13T15:38:57Z,Shell,129,29,0,0,39591
video.js,videojs,2010-05-14T18:45:10Z,2026-03-13T14:57:09Z,JavaScript,1821,334,0,0,39549
Deep-Learning-Papers-Reading-Roadmap,floodsung,2016-10-14T11:49:48Z,2026-03-13T12:58:20Z,Python,28,0,0,0,39477
photoprism,photoprism,2018-01-27T12:00:15Z,2026-03-13T15:45:23Z,Go,887,80,0,0,39432
FastChat,lm-sys,2023-03-19T00:18:02Z,2026-03-13T09:29:17Z,Python,852,14,0,0,39423
appsmith,appsmithorg,2020-06-30T04:07:36Z,2026-03-13T15:01:26Z,TypeScript,14101,302,0,0,39371
fiber,gofiber,2020-01-16T03:59:20Z,2026-03-13T13:10:55Z,Go,2120,135,0,0,39370
faiss,facebookresearch,2017-02-07T16:07:05Z,2026-03-13T15:42:18Z,C++,137,25,0,0,39366
remotion,remotion-dev,2020-06-23T19:49:10Z,2026-03-13T15:42:08Z,TypeScript,4206,597,0,0,39361
Awesome-Design-Tools,goabstract,2019-02-12T13:55:30Z,2026-03-13T14:33:23Z,JavaScript,283,0,0,0,39267
phaser,phaserjs,2013-04-12T12:27:51Z,2026-03-13T15:54:31Z,JavaScript,1734,173,0,0,39178
materialize,Dogfalo,2014-09-12T19:35:38Z,2026-03-13T11:47:45Z,JavaScript,449,41,0,0,39125
shellcheck,koalaman,2012-11-17T03:15:11Z,2026-03-13T14:23:39Z,Haskell,334,30,0,0,39105
cobalt,imputnet,2022-07-08T18:12:55Z,2026-03-13T15:47:34Z,Svelte,249,0,0,0,39100
styleguide,google,2015-05-20T19:18:59Z,2026-03-13T15:12:49Z,HTML,197,0,0,0,39096
data-engineering-zoomcamp,DataTalksClub,2021-10-21T09:32:50Z,2026-03-13T15:36:54Z,Jupyter Notebook,454,0,0,0,39073
bark,suno-ai,2023-04-07T19:34:48Z,2026-03-13T07:24:44Z,Jupyter Notebook,19,0,0,0,39043
quivr,QuivrHQ,2023-05-12T23:53:30Z,2026-03-13T15:40:14Z,Python,1824,354,0,0,39000
lossless-cut,mifi,2016-10-30T10:49:56Z,2026-03-13T15:19:08Z,TypeScript,225,105,0,0,38978
litellm,BerriAI,2023-07-27T00:09:52Z,2026-03-13T15:51:34Z,Python,10025,1000,0,0,38956
ChatTTS,2noise,2024-05-27T18:26:49Z,2026-03-13T12:56:18Z,Python,220,6,0,0,38925
chatbox,chatboxai,2023-03-06T12:22:15Z,2026-03-13T15:19:51Z,TypeScript,0,52,0,0,38921
leveldb,google,2014-08-27T21:17:52Z,2026-03-13T09:46:10Z,C++,65,21,0,0,38893
agency-agents,msitarzewski,2025-10-13T12:12:29Z,2026-03-13T15:54:35Z,Shell,58,0,0,0,38726
nushell,nushell,2019-05-10T16:59:42Z,2026-03-13T15:46:08Z,Rust,8498,117,0,0,38713
mindsdb,mindsdb,2018-08-02T17:56:45Z,2026-03-13T15:40:51Z,Python,5797,337,0,0,38706
novu,novuhq,2021-08-26T15:22:44Z,2026-03-13T14:37:55Z,TypeScript,6939,108,0,0,38688
qlib,microsoft,2020-08-14T06:46:00Z,2026-03-13T15:49:11Z,Python,751,23,0,0,38683
agno,agno-agi,2022-05-04T15:23:02Z,2026-03-13T15:50:23Z,Python,2928,174,0,0,38666
devdocs,freeCodeCamp,2013-10-24T18:16:07Z,2026-03-13T05:37:50Z,Ruby,982,0,0,0,38598
impress.js,impress,2011-12-28T22:23:19Z,2026-03-13T14:43:50Z,JavaScript,124,15,0,0,38518
BettaFish,666ghj,2024-07-01T13:11:38Z,2026-03-13T15:53:37Z,Python,105,6,0,0,38488
preact,preactjs,2015-09-11T02:40:18Z,2026-03-13T12:35:49Z,JavaScript,1994,241,0,0,38476
awesome-cursorrules,PatrickJS,2024-09-16T15:38:38Z,2026-03-13T15:54:27Z,MDX,70,0,0,0,38435
googletest,google,2015-07-28T15:07:53Z,2026-03-13T13:57:08Z,C++,813,11,0,0,38339
python-cheatsheet,gto76,2018-01-25T04:16:53Z,2026-03-13T02:23:07Z,Python,0,0,0,0,38280
MPAndroidChart,PhilJay,2014-04-25T14:29:47Z,2026-03-13T08:55:35Z,Java,191,44,0,0,38226
lapce,lapce,2018-02-06T08:41:06Z,2026-03-13T15:03:00Z,Rust,1179,35,0,0,38134
halo,halo-dev,2018-03-21T12:56:52Z,2026-03-13T14:52:02Z,Java,2965,252,0,0,38083
istio,istio,2016-11-18T23:57:21Z,2026-03-13T15:46:06Z,Go,29514,426,0,0,38066
insomnia,Kong,2016-04-23T03:54:26Z,2026-03-13T15:33:13Z,TypeScript,3756,547,0,0,38055
ant-design-pro,ant-design,2017-08-25T10:40:44Z,2026-03-13T14:19:08Z,TypeScript,1025,26,0,0,37995
tesseract.js,naptha,2015-06-24T02:49:52Z,2026-03-13T03:36:21Z,JavaScript,204,57,0,0,37920
aspnetcore,dotnet,2014-03-11T06:09:42Z,2026-03-13T14:09:30Z,C#,18638,280,0,0,37777
wtfjs,denysdovhan,2017-07-14T15:42:12Z,2026-03-13T14:46:39Z,JavaScript,125,25,0,0,37736
polars,pola-rs,2020-05-13T19:45:33Z,2026-03-13T15:42:16Z,Rust,12778,249,0,0,37733
metasploit-framework,rapid7,2011-08-30T06:13:20Z,2026-03-13T14:14:19Z,Ruby,11680,0,0,0,37704
cli,httpie,2012-02-25T12:39:13Z,2026-03-13T05:38:45Z,Python,406,47,0,0,37702
freecodecamp.cn,FreeCodeCampChina,2016-09-30T03:13:43Z,2026-03-13T08:51:28Z,CSS,55,0,0,0,37633
Folo,RSSNext,2024-04-08T03:23:35Z,2026-03-13T14:31:33Z,TypeScript,1448,95,0,0,37619
interview,huihut,2018-02-09T09:49:48Z,2026-03-13T12:57:36Z,C++,36,0,0,0,37599
ToolJet,ToolJet,2021-03-30T08:51:34Z,2026-03-13T15:34:19Z,JavaScript,7804,458,0,0,37595
outline,outline,2016-05-22T21:31:47Z,2026-03-13T15:27:52Z,TypeScript,4195,157,0,0,37581
vnpy,vnpy,2015-03-02T03:36:58Z,2026-03-13T14:28:37Z,Python,1063,66,0,0,37565
it-tools,CorentinTh,2020-04-05T11:50:24Z,2026-03-13T15:06:45Z,Vue,493,10,0,0,37547
NewPipe,TeamNewPipe,2015-09-03T23:39:26Z,2026-03-13T14:12:13Z,Java,1798,141,0,0,37513
Langchain-Chatchat,chatchat-space,2023-03-31T12:12:45Z,2026-03-13T14:04:00Z,Python,621,31,0,0,37502
v,vlang,2019-02-08T02:57:06Z,2026-03-13T15:45:40Z,V,13091,303,0,0,37465
google-research,google-research,2018-10-04T18:42:48Z,2026-03-13T10:11:03Z,Jupyter Notebook,29,0,0,0,37452
Open-Assistant,LAION-AI,2022-12-13T05:24:17Z,2026-03-13T05:26:59Z,Python,1616,127,0,0,37440
engineering-blogs,kilimchoi,2015-06-13T18:25:17Z,2026-03-13T15:53:45Z,Ruby,681,0,0,0,37420
GFPGAN,TencentARC,2021-03-19T06:18:20Z,2026-03-13T12:00:31Z,Python,14,8,0,0,37396
tutorials,eugenp,2013-04-29T18:26:36Z,2026-03-13T14:58:21Z,Java,13727,0,0,0,37359
llvm-project,llvm,2016-12-07T09:39:33Z,2026-03-13T15:50:25Z,LLVM,76427,150,0,0,37354
taro,NervJS,2018-04-08T09:32:26Z,2026-03-13T15:49:47Z,TypeScript,3465,207,0,0,37346
spacedrive,spacedriveapp,2021-09-27T05:09:04Z,2026-03-13T14:49:27Z,Rust,1957,28,0,0,37345
paperless-ngx,paperless-ngx,2022-02-12T21:56:52Z,2026-03-13T15:24:43Z,Python,3034,143,0,0,37320
deeplearningbook-chinese,exacity,2016-12-07T11:46:51Z,2026-03-13T15:06:17Z,TeX,16,7,0,0,37208
interview_internal_reference,0voice,2019-06-10T06:54:19Z,2026-03-13T07:20:31Z,Python,35,0,0,0,37205
worldmonitor,koala73,2026-01-08T17:26:06Z,2026-03-13T15:52:54Z,TypeScript,1004,43,0,0,37196
manim,ManimCommunity,2020-05-19T02:37:13Z,2026-03-13T14:00:32Z,Python,2043,33,0,0,37186
arthas,alibaba,2018-08-29T17:15:57Z,2026-03-13T12:47:30Z,Java,584,69,0,0,37183
compose,docker,2013-12-09T11:40:58Z,2026-03-13T15:45:21Z,Go,3759,275,0,0,37142
RevokeMsgPatcher,huiyadanli,2019-07-21T15:12:52Z,2026-03-13T15:47:48Z,C#,12,21,0,0,37133
gym,openai,2016-04-27T14:59:16Z,2026-03-13T14:45:04Z,Python,999,19,0,0,37092
stats,exelban,2019-05-29T19:24:56Z,2026-03-13T14:46:51Z,Swift,433,323,0,0,36998
wtfpython,satwikkansal,2017-08-28T20:22:19Z,2026-03-13T13:13:14Z,Python,113,2,0,0,36919
JavaFamily,AobingJava,2019-11-12T04:26:18Z,2026-03-13T11:03:52Z,None,2,0,0,0,36914
drawdb,drawdb-io,2023-07-16T17:09:20Z,2026-03-13T15:39:52Z,JavaScript,352,0,0,0,36880
MockingBird,babysor,2021-08-07T03:53:39Z,2026-03-13T07:54:56Z,Python,82,1,0,0,36874
portainer,portainer,2016-05-19T20:15:28Z,2026-03-13T15:24:33Z,TypeScript,4785,176,0,0,36842
REKCARC-TSC-UHT,PKUanonym,2019-04-05T03:31:23Z,2026-03-13T08:50:47Z,HTML,175,0,0,0,36827
awesome-openclaw-skills,VoltAgent,2026-01-25T09:22:32Z,2026-03-13T15:54:06Z,None,77,0,0,0,36822
docs,inkonchain,2024-05-07T16:49:36Z,2026-03-11T14:51:51Z,MDX,407,0,0,0,36814
sqlmap,sqlmapproject,2012-06-26T09:52:15Z,2026-03-13T14:13:50Z,Python,180,11,0,0,36813
gkd,gkd-kit,2023-07-04T03:59:15Z,2026-03-13T15:34:16Z,Kotlin,10,64,0,0,36772
node,inkonchain,2024-05-13T23:20:40Z,2026-03-11T14:51:50Z,Shell,36,6,0,0,36764
shadowsocks-android,shadowsocks,2012-12-16T13:40:29Z,2026-03-13T09:45:34Z,Kotlin,258,186,0,0,36699
react-bits,DavidHDev,2024-08-06T06:54:54Z,2026-03-13T15:44:41Z,JavaScript,158,0,0,0,36695
supervision,roboflow,2022-11-28T14:08:44Z,2026-03-13T14:36:53Z,Python,1134,35,0,0,36689
ink-kit,inkonchain,2024-11-04T16:32:17Z,2026-03-11T14:51:53Z,TypeScript,91,0,0,0,36670
marked,markedjs,2011-07-24T13:15:51Z,2026-03-13T12:50:42Z,TypeScript,1646,166,0,0,36649
awesome-shell,alebcay,2014-07-07T01:57:42Z,2026-03-13T09:48:10Z,None,307,0,0,0,36634
duckdb,duckdb,2018-06-26T15:04:45Z,2026-03-13T15:24:01Z,C++,9706,57,0,0,36634
GPT_API_free,chatanywhere,2023-04-23T12:42:08Z,2026-03-13T15:41:49Z,Python,1,0,0,0,36603
og-aws,open-guides,2016-07-13T17:30:16Z,2026-03-12T18:26:34Z,Shell,498,0,0,0,36589
date-fns,date-fns,2014-10-06T10:24:22Z,2026-03-13T10:23:27Z,TypeScript,1068,122,0,0,36514
pytorch-image-models,huggingface,2019-02-02T05:51:12Z,2026-03-13T15:06:42Z,Python,526,75,0,0,36494
LLM101n,karpathy,2024-05-27T00:23:38Z,2026-03-13T15:02:24Z,None,0,0,0,0,36482
Coursera-ML-AndrewNg-Notes,fengdu78,2017-11-04T10:04:08Z,2026-03-13T15:35:46Z,HTML,14,0,0,0,36475
typeorm,typeorm,2016-02-29T07:41:14Z,2026-03-13T14:13:53Z,TypeScript,2469,40,0,0,36388
headscale,juanfont,2020-06-21T09:21:05Z,2026-03-13T15:39:38Z,Go,1235,132,0,0,36372
sheetjs,SheetJS,2012-12-03T19:25:52Z,2026-03-13T11:52:06Z,None,106,0,0,0,36204
HanLP,hankcs,2014-10-09T06:36:16Z,2026-03-13T15:31:08Z,Python,79,62,0,0,36197
slate,slatedocs,2013-09-13T22:15:24Z,2026-03-13T14:29:33Z,None,298,28,0,0,36161
955.WLB,formulahendry,2019-03-27T23:53:37Z,2026-03-13T10:45:11Z,None,18,0,0,0,36160
lerna,lerna,2015-12-04T09:36:55Z,2026-03-13T14:39:43Z,TypeScript,1036,250,0,0,36093
RuView,ruvnet,2025-06-07T04:32:30Z,2026-03-13T15:54:06Z,Rust,38,12,0,0,36081
OpenVoice,myshell-ai,2023-11-29T12:17:01Z,2026-03-13T13:10:44Z,Python,18,0,0,0,36075
aseprite,aseprite,2014-08-19T23:44:50Z,2026-03-13T14:50:46Z,C++,483,123,0,0,36064
hello-algorithm,geekxh,2020-05-29T05:47:09Z,2026-03-13T00:47:49Z,Java,26,0,0,0,36021
carbon,carbon-app,2017-06-16T02:50:28Z,2026-03-13T12:50:26Z,JavaScript,669,215,0,0,35988
DragGAN,XingangPan,2023-05-18T10:08:02Z,2026-03-13T07:24:26Z,Python,18,0,0,0,35966
servo,servo,2012-02-08T19:07:25Z,2026-03-13T15:51:38Z,Rust,23204,5,0,0,35965
qBittorrent,qbittorrent,2012-02-04T09:37:46Z,2026-03-13T14:38:04Z,C++,4133,0,0,0,35956
awesome-deepseek-integration,deepseek-ai,2024-01-11T02:43:17Z,2026-03-13T15:20:43Z,None,289,0,0,0,35906
manifesto,opentofu,2023-08-13T16:17:24Z,2026-03-13T08:52:28Z,HTML,765,0,0,0,35885
ShareX,ShareX,2013-10-08T23:32:10Z,2026-03-13T14:45:48Z,C#,774,85,0,0,35857
AgentGPT,reworkd,2023-04-07T02:29:19Z,2026-03-13T15:44:11Z,TypeScript,541,12,0,0,35815
fastify,fastify,2016-09-28T19:10:14Z,2026-03-13T13:50:44Z,JavaScript,3281,309,0,0,35813
Xray-core,XTLS,2020-11-09T11:23:10Z,2026-03-13T15:48:07Z,Go,1221,106,0,0,35801
mattermost,mattermost,2015-06-15T06:50:02Z,2026-03-13T15:23:01Z,TypeScript,20608,937,0,0,35799
ruoyi-vue-pro,YunaiV,2021-01-24T03:18:25Z,2026-03-13T15:35:54Z,Java,73,54,0,0,35784
leetcode,doocs,2018-09-16T14:03:03Z,2026-03-13T14:51:15Z,Java,4482,21,0,0,35761
koa,koajs,2013-07-20T18:53:45Z,2026-03-13T13:41:37Z,JavaScript,541,16,0,0,35747
reactive-resume,amruthpillai,2020-03-25T14:08:22Z,2026-03-13T14:12:45Z,TypeScript,735,110,0,0,35719
linux-command,jaywcjlove,2016-11-12T15:44:26Z,2026-03-13T15:41:00Z,Markdown,370,32,0,0,35661
awesome-docker,veggiemonk,2014-09-21T17:01:48Z,2026-03-13T14:43:57Z,Makefile,997,1,0,0,35661
umami,umami-software,2020-07-17T07:59:00Z,2026-03-13T14:36:21Z,TypeScript,874,106,0,0,35649
awesome-react-native,jondot,2015-03-26T19:58:06Z,2026-03-13T05:15:33Z,JavaScript,912,0,0,0,35625
xyflow,xyflow,2019-07-15T14:47:30Z,2026-03-13T15:52:24Z,TypeScript,1468,369,0,0,35619
tiptap,ueberdosis,2018-08-20T19:58:58Z,2026-03-13T15:49:39Z,TypeScript,1507,951,0,0,35614
lottie-android,airbnb,2016-10-06T22:42:42Z,2026-03-13T02:13:00Z,Java,720,63,0,0,35599
vim-plug,junegunn,2013-09-10T14:58:51Z,2026-03-13T07:50:10Z,Vim Script,179,8,0,0,35583
ink,vadimdemedes,2017-06-12T06:12:28Z,2026-03-13T14:55:51Z,TypeScript,294,72,0,0,35550
fullPage.js,alvarotrigo,2013-09-20T11:58:29Z,2026-03-13T09:39:18Z,JavaScript,327,109,0,0,35486
nativefier,nativefier,2015-07-05T05:56:42Z,2026-03-12T17:33:08Z,TypeScript,261,99,0,0,35360
solid,solidjs,2018-04-24T16:36:27Z,2026-03-13T15:46:34Z,TypeScript,395,36,0,0,35317
dioxus,DioxusLabs,2021-01-15T01:57:26Z,2026-03-13T14:39:17Z,Rust,1973,33,0,0,35264
hackathon-starter,sahat,2013-11-13T17:24:12Z,2026-03-13T15:02:39Z,JavaScript,461,18,0,0,35217
vault,hashicorp,2015-02-25T00:15:59Z,2026-03-13T15:31:31Z,Go,21325,176,0,0,35211
Sunshine,LizardByte,2021-12-15T23:38:57Z,2026-03-13T15:45:08Z,C++,1745,45,0,0,35210
the-way-to-go_ZH_CN,unknwon,2013-03-24T17:18:38Z,2026-03-13T09:30:56Z,Go,592,0,0,0,35161
rufus,pbatard,2011-11-19T19:12:05Z,2026-03-13T15:27:45Z,C,1,88,0,0,35089
jax,jax-ml,2018-10-25T21:25:02Z,2026-03-13T15:48:58Z,Python,17948,134,0,0,35076
glide,bumptech,2013-07-08T22:52:33Z,2026-03-13T08:58:33Z,Java,605,54,0,0,35036
Trilium,TriliumNext,2017-05-23T00:30:20Z,2026-03-13T15:09:36Z,TypeScript,1861,349,0,0,35026
zsh-autosuggestions,zsh-users,2013-10-26T16:09:37Z,2026-03-13T11:09:40Z,Shell,116,0,0,0,35005
awesome-system-design-resources,ashishps1,2023-10-25T01:50:42Z,2026-03-13T15:49:35Z,Java,3,0,0,0,35001
HowToLiveLonger,geekan,2022-04-16T04:15:18Z,2026-03-13T10:23:00Z,None,14,0,0,0,34980
awesome-javascript,sorrycc,2014-07-01T15:59:02Z,2026-03-13T06:10:51Z,None,404,0,0,0,34924
husky,typicode,2014-06-23T12:14:21Z,2026-03-13T13:27:47Z,JavaScript,262,80,0,0,34865
claude-cookbooks,anthropics,2023-08-15T20:23:51Z,2026-03-13T15:55:20Z,Jupyter Notebook,148,0,0,0,34860
netty,netty,2010-11-09T09:22:21Z,2026-03-13T15:49:13Z,Java,5109,0,0,0,34844
Python,geekcomputers,2011-11-30T09:04:08Z,2026-03-13T13:51:50Z,Python,2017,0,0,0,34822
Retrieval-based-Voice-Conversion-WebUI,RVC-Project,2023-03-27T09:59:10Z,2026-03-13T14:18:06Z,Python,477,7,0,0,34801
jieba,fxsjy,2012-09-29T07:52:01Z,2026-03-13T09:26:55Z,Python,96,9,0,0,34797
textual,Textualize,2021-04-08T15:24:47Z,2026-03-13T15:39:11Z,Python,2286,214,0,0,34783
caffe,BVLC,2013-09-12T18:39:48Z,2026-03-12T08:39:16Z,C++,1087,14,0,0,34770
Hello-Python,mouredev,2022-08-03T17:14:53Z,2026-03-13T14:48:14Z,Python,0,0,0,0,34767
How-To-Ask-Questions-The-Smart-Way,ryanhanwu,2015-03-28T16:52:40Z,2026-03-13T14:01:49Z,JavaScript,98,0,0,0,34705
langextract,google,2025-07-08T20:46:06Z,2026-03-13T15:55:27Z,Python,78,12,0,0,34675
bulletproof-react,alan2207,2021-05-30T14:47:16Z,2026-03-13T10:03:30Z,TypeScript,70,0,0,0,34632
Real-ESRGAN,xinntao,2021-07-19T03:23:30Z,2026-03-13T14:36:56Z,Python,21,10,0,0,34613
LibreChat,danny-avila,2023-02-12T01:06:52Z,2026-03-13T15:53:58Z,TypeScript,2930,82,0,0,34610
claude-mem,thedotmack,2025-08-31T20:50:03Z,2026-03-13T15:55:36Z,TypeScript,228,212,0,0,34578
framework,laravel,2013-01-10T21:27:28Z,2026-03-13T15:37:59Z,PHP,17602,913,0,0,34575
awesome-cto,kuchin,2016-12-16T19:22:18Z,2026-03-13T15:03:34Z,None,18,0,0,0,34501
Hyprland,hyprwm,2022-03-16T19:49:13Z,2026-03-13T15:44:44Z,C++,2306,108,0,0,34499
directus,directus,2012-12-12T01:35:36Z,2026-03-13T15:15:48Z,TypeScript,8573,358,0,0,34470
mpv,mpv-player,2012-10-13T08:08:44Z,2026-03-13T14:13:39Z,C,3813,88,0,0,34407
zoxide,ajeetdsouza,2020-03-05T13:11:40Z,2026-03-13T15:14:16Z,Rust,247,37,0,0,34398
formik,jaredpalmer,2017-06-14T19:50:59Z,2026-03-13T00:01:46Z,TypeScript,836,200,0,0,34388
croc,schollz,2017-10-17T15:20:18Z,2026-03-13T10:58:48Z,Go,287,183,0,0,34354
gold-miner,xitu,2015-11-04T03:29:13Z,2026-03-13T13:52:43Z,None,3563,0,0,0,34341
node-v0.x-archive,nodejs,2009-05-27T16:29:46Z,2026-03-12T16:30:03Z,None,218,0,0,0,34340
server,nextcloud,2016-06-02T07:44:14Z,2026-03-13T15:29:19Z,PHP,31030,405,0,0,34320
1Panel,1Panel-dev,2022-07-19T15:44:52Z,2026-03-13T15:15:05Z,Go,4751,111,0,0,34307
CyberChef,gchq,2016-11-28T10:34:07Z,2026-03-13T13:49:49Z,JavaScript,567,451,0,0,34288
pnpm,pnpm,2016-01-28T07:40:43Z,2026-03-13T15:46:05Z,TypeScript,3067,1000,0,0,34282
poetry,python-poetry,2018-02-28T15:23:47Z,2026-03-13T15:44:55Z,Python,2428,147,0,0,34282
system_prompts_leaks,asgeirtj,2025-05-03T02:43:56Z,2026-03-13T15:48:38Z,HTML,20,0,0,0,34268
TaskMatrix,chenfei-wu,2023-03-02T09:04:28Z,2026-03-13T13:53:00Z,Python,21,0,0,0,34232
refine,refinedev,2021-01-20T12:01:32Z,2026-03-13T14:04:17Z,TypeScript,4660,1000,0,0,34218
detectron2,facebookresearch,2019-09-05T21:30:20Z,2026-03-13T12:53:56Z,Python,0,10,0,0,34207
Data-Science-For-Beginners,microsoft,2021-03-03T16:30:15Z,2026-03-13T15:34:06Z,Jupyter Notebook,455,0,0,0,34195
12306,testerSunshine,2017-05-17T12:23:40Z,2026-03-13T15:07:19Z,Python,31,1,0,0,34186
clipboard.js,zenorocha,2015-09-18T23:04:55Z,2026-03-12T10:58:03Z,JavaScript,117,42,0,0,34177
selenium,SeleniumHQ,2013-01-14T21:40:56Z,2026-03-13T14:11:43Z,Java,3676,114,0,0,34117
spring-boot-demo,xkcoding,2017-11-10T06:27:29Z,2026-03-13T15:02:22Z,Java,15,0,0,0,34110
mediapipe,google-ai-edge,2019-06-13T19:16:41Z,2026-03-13T15:23:19Z,C++,201,64,0,0,34109
JavaScript,TheAlgorithms,2017-07-13T06:12:33Z,2026-03-13T13:15:35Z,JavaScript,798,0,0,0,34083
react-beautiful-dnd,atlassian,2017-08-09T03:37:15Z,2026-03-13T05:27:29Z,JavaScript,531,68,0,0,34042
AnotherRedisDesktopManager,qishibo,2019-01-08T06:01:56Z,2026-03-13T15:04:34Z,JavaScript,152,53,0,0,34033
anoma,anoma,2021-02-02T10:00:16Z,2026-03-13T11:50:34Z,Elixir,897,12,0,0,34011
nps,ehang-io,2018-11-04T13:22:51Z,2026-03-13T15:47:41Z,Go,74,59,0,0,33946
C-Plus-Plus,TheAlgorithms,2016-07-16T10:19:45Z,2026-03-13T14:12:26Z,C++,705,0,0,0,33921
harness,harness,2014-02-07T07:54:44Z,2026-03-13T09:04:41Z,Go,1054,56,0,0,33888
zxing,zxing,2011-10-12T14:07:27Z,2026-03-12T13:48:14Z,Java,345,32,0,0,33883
yazi,sxyazi,2023-07-08T11:45:55Z,2026-03-13T15:33:42Z,Rust,1137,30,0,0,33877
Clone-Wars,GorvGoyl,2020-12-02T11:10:16Z,2026-03-13T03:28:41Z,None,130,0,0,0,33862
openpose,CMU-Perceptual-Computing-Lab,2017-04-24T14:06:31Z,2026-03-13T12:40:48Z,C++,174,15,0,0,33856
filebrowser,filebrowser,2015-09-11T21:21:58Z,2026-03-13T15:16:38Z,Go,776,130,0,0,33836
LeetCode-Go,halfrost,2017-07-18T00:06:14Z,2026-03-13T08:50:59Z,Go,178,4,0,0,33821
jq,jqlang,2012-07-18T19:57:25Z,2026-03-13T14:16:16Z,C,686,15,0,0,33814
gpt-pilot,Pythagora-io,2023-08-16T11:56:07Z,2026-03-13T05:46:27Z,Python,396,0,0,0,33813
easyexcel,alibaba,2018-02-06T03:14:08Z,2026-03-13T12:13:39Z,Java,190,14,0,0,33761
ControlNet,lllyasviel,2023-02-01T02:43:30Z,2026-03-13T15:12:30Z,Python,5,0,0,0,33724
AndroidUtilCode,Blankj,2016-07-30T18:18:32Z,2026-03-13T15:50:33Z,Java,88,117,0,0,33705
everyone-can-use-english,ZuodaoTech,2019-03-15T16:33:53Z,2026-03-13T12:50:32Z,TypeScript,462,48,0,0,33698
AFNetworking,AFNetworking,2011-05-31T21:28:44Z,2026-03-13T14:26:28Z,Objective-C,710,40,0,0,33685
carbon-lang,carbon-language,2020-04-27T21:45:16Z,2026-03-13T15:48:51Z,C++,5071,611,0,0,33649
shadowsocks,shadowsocks,2012-04-20T13:10:49Z,2026-03-13T00:31:19Z,Python,70,2,0,0,33632
BitNet,microsoft,2024-08-05T09:07:38Z,2026-03-13T15:55:33Z,Python,29,0,0,0,33524
XX-Net,XX-net,2015-01-15T09:35:51Z,2026-03-13T05:07:11Z,Python,363,390,0,0,33454
shannon,KeygraphHQ,2025-09-27T01:51:47Z,2026-03-13T15:52:13Z,TypeScript,61,0,0,0,33424
v2ray-core,v2fly,2019-04-15T10:05:54Z,2026-03-13T15:27:38Z,Go,985,122,0,0,33395
CasaOS,IceWhaleTech,2021-09-26T02:33:09Z,2026-03-13T15:27:19Z,Go,275,97,0,0,33391
khoj,khoj-ai,2021-08-16T01:48:44Z,2026-03-13T15:45:59Z,Python,487,170,0,0,33375
libpku,lib-pku,2018-11-22T13:33:06Z,2026-03-13T12:42:33Z,TeX,22,0,0,0,33370
prompt-eng-interactive-tutorial,anthropics,2024-04-02T15:52:00Z,2026-03-13T15:55:14Z,Jupyter Notebook,1,0,0,0,33345
keycloak,keycloak,2013-07-02T13:38:51Z,2026-03-13T14:50:34Z,Java,19356,102,0,0,33329
spaCy,explosion,2014-07-03T15:15:40Z,2026-03-13T10:55:52Z,Python,3598,133,0,0,33318
etcher,balena-io,2015-10-27T16:53:23Z,2026-03-13T15:41:08Z,TypeScript,1731,289,0,0,33299
swc,swc-project,2017-12-22T11:40:14Z,2026-03-13T02:45:04Z,Rust,5914,780,0,0,33295
awesome-awesomeness,bayandin,2014-07-08T05:44:19Z,2026-03-13T14:14:40Z,Ruby,197,0,0,0,33284
FlClash,chen08209,2023-08-15T07:47:22Z,2026-03-13T15:53:48Z,Dart,2,102,0,0,33280
drizzle-orm,drizzle-team,2021-06-24T09:03:05Z,2026-03-13T15:10:52Z,TypeScript,664,171,0,0,33276
airi,moeru-ai,2024-12-01T16:33:36Z,2026-03-13T15:53:11Z,TypeScript,647,56,0,0,33262
wails,wailsapp,2018-12-15T23:14:06Z,2026-03-13T15:06:33Z,Go,1690,292,0,0,33224
UTM,utmapp,2019-04-12T16:09:24Z,2026-03-13T13:25:49Z,Swift,277,128,0,0,33224
learnGitBranching,pcottle,2012-08-13T22:36:09Z,2026-03-13T12:10:33Z,JavaScript,652,0,0,0,33222
awesome-sysadmin,awesome-foss,2014-12-23T08:41:22Z,2026-03-13T15:44:55Z,None,343,0,0,0,33199
nanobot,HKUDS,2026-02-01T07:16:15Z,2026-03-13T15:55:54Z,Python,275,9,0,0,33182
ijkplayer,bilibili,2013-06-03T04:12:04Z,2026-03-13T08:24:58Z,C,35,0,0,0,33121
trivy,aquasecurity,2019-04-11T01:01:07Z,2026-03-13T15:28:00Z,Go,3512,85,0,0,33115
brackets,adobe,2011-12-07T21:14:40Z,2026-03-12T06:22:09Z,JavaScript,4332,69,0,0,33107
chatbot-ui,mckaywrigley,2023-03-11T14:53:14Z,2026-03-13T12:48:31Z,TypeScript,281,0,0,0,33100
immutable-js,immutable-js,2014-07-02T06:02:29Z,2026-03-13T12:57:12Z,TypeScript,622,93,0,0,33097
k9s,derailed,2019-01-25T18:46:02Z,2026-03-13T13:43:46Z,Go,965,257,0,0,33054
AdGuardHome,AdguardTeam,2016-07-06T10:31:47Z,2026-03-13T15:42:28Z,Go,125,231,0,0,33037
diffusers,huggingface,2022-05-30T16:04:02Z,2026-03-13T15:05:23Z,Python,5537,89,0,0,33030
tabby,TabbyML,2023-03-16T09:18:01Z,2026-03-13T14:14:01Z,Rust,3001,249,0,0,33016
gulp,gulpjs,2013-07-04T05:26:06Z,2026-03-10T20:09:33Z,JavaScript,412,24,0,0,33013
serenity,SerenityOS,2018-12-02T19:28:41Z,2026-03-13T06:05:53Z,C++,19929,0,0,0,33000
firecracker,firecracker-microvm,2017-10-19T06:18:47Z,2026-03-13T14:35:34Z,Rust,3443,85,0,0,32979
sniffnet,GyulyVGC,2022-07-31T21:55:56Z,2026-03-13T14:53:41Z,Rust,489,16,0,0,32967
goose,block,2024-08-23T19:03:36Z,2026-03-13T15:45:40Z,Rust,4370,123,0,0,32964
OCRmyPDF,ocrmypdf,2013-12-20T08:26:28Z,2026-03-13T15:24:45Z,Python,169,52,0,0,32931
stb,nothings,2014-05-25T16:51:23Z,2026-03-13T14:46:04Z,C,292,0,0,0,32928
ShadowsocksX-NG,shadowsocks,2016-06-10T11:49:00Z,2026-03-13T14:44:25Z,Swift,64,30,0,0,32905
certbot,certbot,2014-11-12T02:52:20Z,2026-03-13T10:18:33Z,Python,4081,69,0,0,32897
Vane,ItzCrazyKns,2024-04-09T10:51:32Z,2026-03-13T15:39:14Z,TypeScript,84,33,0,0,32887
fish-shell,fish-shell,2012-05-10T03:00:55Z,2026-03-13T15:01:39Z,Rust,2192,62,0,0,32849
modern-unix,ibraheemdev,2021-01-12T00:50:14Z,2026-03-13T04:34:35Z,None,15,0,0,0,32815
backstage,backstage,2020-01-24T22:39:49Z,2026-03-13T15:46:56Z,TypeScript,20477,498,0,0,32808
go-zero,zeromicro,2020-08-07T15:37:57Z,2026-03-13T10:44:04Z,Go,2435,149,0,0,32800
CLIP,openai,2020-12-16T11:24:42Z,2026-03-13T15:29:04Z,Jupyter Notebook,29,0,0,0,32799
dspy,stanfordnlp,2023-01-09T21:01:51Z,2026-03-13T15:02:33Z,Python,1481,106,0,0,32778
comprehensive-rust,google,2022-12-21T15:17:24Z,2026-03-13T06:38:02Z,Rust,2404,0,0,0,32734
nacos,alibaba,2018-06-15T06:49:27Z,2026-03-13T13:32:51Z,Java,3348,89,0,0,32729
paper-reading,mli,2021-10-22T06:34:51Z,2026-03-13T05:48:44Z,None,15,0,0,0,32683
MonitorControl,MonitorControl,2017-09-16T21:13:40Z,2026-03-13T15:52:45Z,Swift,220,26,0,0,32662
YesPlayMusic,qier222,2020-10-09T10:04:21Z,2026-03-13T12:01:09Z,Vue,292,32,0,0,32647
restic,restic,2014-04-27T14:07:58Z,2026-03-13T12:44:10Z,Go,2318,49,0,0,32644
WxJava,binarywang,2016-01-06T08:24:05Z,2026-03-13T12:33:25Z,Java,1194,31,0,0,32628
netron,lutzroeder,2010-12-26T12:53:43Z,2026-03-13T15:52:39Z,JavaScript,1,7,0,0,32575
glance,glanceapp,2024-04-27T18:55:38Z,2026-03-13T14:34:10Z,Go,110,33,0,0,32490
marker,datalab-to,2023-10-30T20:14:08Z,2026-03-13T15:42:19Z,Python,228,71,0,0,32489
floating-ui,floating-ui,2016-03-29T17:00:47Z,2026-03-13T15:48:08Z,TypeScript,1209,506,0,0,32487
mmdetection,open-mmlab,2018-08-22T07:06:06Z,2026-03-13T10:00:46Z,Python,2358,53,0,0,32483
yew,yewstack,2017-12-16T14:19:02Z,2026-03-13T12:34:45Z,Rust,1900,40,0,0,32474
remix,remix-run,2020-10-26T19:57:28Z,2026-03-13T15:46:09Z,TypeScript,3675,357,0,0,32470
cursor,cursor,2023-03-12T00:19:42Z,2026-03-13T14:16:30Z,None,47,0,0,0,32429
k3s,k3s-io,2018-05-31T01:37:46Z,2026-03-13T15:35:49Z,Go,4497,957,0,0,32427
beego,beego,2012-02-29T02:32:08Z,2026-03-13T13:52:43Z,Go,1328,43,0,0,32424
awesome-php,ziadoz,2013-11-26T03:14:19Z,2026-03-13T05:11:58Z,None,457,0,0,0,32420
swr,vercel,2019-10-28T18:16:01Z,2026-03-13T00:01:48Z,TypeScript,816,126,0,0,32338
medusa,medusajs,2020-01-18T13:39:04Z,2026-03-13T12:13:47Z,TypeScript,8415,146,0,0,32321
web-check,Lissy93,2023-06-25T14:32:11Z,2026-03-13T14:28:32Z,TypeScript,53,1,0,0,32269
my-tv,lizongying,2023-12-04T12:18:39Z,2026-03-13T08:27:28Z,C,11,72,0,0,32245
linux-insides,0xAX,2015-01-03T18:44:57Z,2026-03-13T10:07:13Z,Python,620,0,0,0,32238
PDFMathTranslate,PDFMathTranslate,2024-09-06T06:56:03Z,2026-03-13T13:14:56Z,Python,136,24,0,0,32230
echo,labstack,2015-03-01T17:43:01Z,2026-03-13T06:56:12Z,Go,630,116,0,0,32226
pytorch-tutorial,yunjey,2017-03-10T07:41:47Z,2026-03-13T12:19:49Z,Python,28,0,0,0,32219
erpnext,frappe,2011-06-08T08:20:56Z,2026-03-13T15:42:08Z,Python,28851,1000,0,0,32214
material-design-lite,google,2015-01-14T22:01:33Z,2026-03-13T02:03:08Z,HTML,655,14,0,0,32213
500-AI-Machine-learning-Deep-learning-Computer-vision-NLP-Projects-with-code,ashishpatel26,2021-01-02T12:08:37Z,2026-03-13T15:48:49Z,None,3,0,0,0,32196
fairseq,facebookresearch,2017-08-29T16:26:12Z,2026-03-13T12:19:51Z,Python,236,16,0,0,32190
linera-protocol,linera-io,2021-12-19T04:09:21Z,2026-03-13T15:25:06Z,Rust,3593,33,0,0,32150
run,The-Run-Philosophy-Organization,2022-04-10T05:42:40Z,2026-03-13T12:03:49Z,None,172,0,0,0,32144
kafka,apache,2011-08-15T18:06:16Z,2026-03-13T15:44:10Z,Java,12844,0,0,0,32138
nginx-proxy-manager,NginxProxyManager,2017-12-20T23:01:16Z,2026-03-13T14:01:29Z,TypeScript,683,86,0,0,32078
just,casey,2016-06-17T06:08:08Z,2026-03-13T15:36:40Z,Rust,1378,131,0,0,32047
glances,nicolargo,2011-12-04T08:49:15Z,2026-03-13T15:28:36Z,Python,774,56,0,0,32036
sharp,lovell,2013-08-19T20:24:24Z,2026-03-13T15:28:35Z,JavaScript,312,107,0,0,32011
posthog,PostHog,2020-01-23T22:46:58Z,2026-03-13T15:45:07Z,Python,35250,90,0,0,32005
cockroach,cockroachdb,2014-02-06T00:18:47Z,2026-03-13T15:46:39Z,Go,73070,0,0,0,31983
GPTs,linexjlin,2023-11-11T03:24:16Z,2026-03-13T13:31:13Z,None,45,0,0,0,31978
TradingAgents,TauricResearch,2024-12-28T03:31:08Z,2026-03-13T15:18:37Z,Python,19,1,0,0,31975
graphql-engine,hasura,2018-06-18T07:57:36Z,2026-03-13T12:36:28Z,TypeScript,2110,300,0,0,31919
dokku,dokku,2013-06-08T10:26:57Z,2026-03-13T11:23:34Z,Shell,4540,319,0,0,31912
ai-engineering-hub,patchy631,2024-10-21T10:43:24Z,2026-03-13T15:47:33Z,Jupyter Notebook,63,0,0,0,31905
android-open-project,Trinea,2014-01-05T15:20:15Z,2026-03-13T01:12:41Z,None,204,0,0,0,31841
ExplorerPatcher,valinet,2021-08-09T14:17:24Z,2026-03-13T15:40:36Z,C,20,296,0,0,31839
continue,continuedev,2023-05-24T03:39:39Z,2026-03-13T15:55:47Z,TypeScript,3936,803,0,0,31824
html2canvas,niklasvh,2011-07-16T01:05:58Z,2026-03-13T10:34:30Z,TypeScript,186,45,0,0,31820
chatgpt-web,Chanzhaoyu,2023-02-09T03:21:37Z,2026-03-13T11:34:40Z,Vue,159,43,0,0,31792
kitty,kovidgoyal,2016-10-16T14:48:28Z,2026-03-13T15:45:28Z,Python,1250,133,0,0,31790
MS-DOS,microsoft,2018-06-25T18:26:02Z,2026-03-13T14:30:50Z,Assembly,37,0,0,0,31763
vue-vben-admin,vbenjs,2020-07-11T02:29:21Z,2026-03-13T15:49:48Z,Vue,1753,61,0,0,31761
lottie-web,airbnb,2015-02-20T21:02:59Z,2026-03-13T09:06:57Z,JavaScript,136,0,0,0,31749
vimrc,amix,2012-05-29T16:19:29Z,2026-03-13T05:20:55Z,Vim Script,107,0,0,0,31727
3x-ui,MHSanaei,2023-02-09T19:16:57Z,2026-03-13T15:47:40Z,HTML,642,102,0,0,31722
rxjs,ReactiveX,2015-03-15T06:17:10Z,2026-03-12T20:33:57Z,TypeScript,2588,2,0,0,31655
rocksdb,facebook,2012-11-30T06:16:18Z,2026-03-13T12:21:14Z,C++,620,212,0,0,31625
ChatDev,OpenBMB,2023-08-28T02:18:13Z,2026-03-13T15:54:04Z,Python,139,11,0,0,31606
editor.js,codex-team,2015-11-28T20:56:35Z,2026-03-13T15:54:57Z,TypeScript,871,108,0,0,31605
dokploy,Dokploy,2024-04-19T07:49:30Z,2026-03-13T15:19:14Z,TypeScript,1354,150,0,0,31605
numpy,numpy,2010-09-13T23:02:39Z,2026-03-13T13:21:34Z,Python,13951,140,0,0,31596
slate,ianstormtaylor,2016-06-18T01:52:42Z,2026-03-13T09:12:40Z,TypeScript,1980,210,0,0,31588
minikube,kubernetes,2016-04-15T22:38:35Z,2026-03-13T15:35:42Z,Go,9396,154,0,0,31581
tinygrad,tinygrad,2020-10-18T16:23:12Z,2026-03-13T15:08:37Z,Python,10595,14,0,0,31566
shardeum,shardeum,2024-04-16T22:37:25Z,2026-03-13T11:50:39Z,TypeScript,326,0,0,0,31554
CheatSheetSeries,OWASP,2018-12-21T14:26:43Z,2026-03-13T15:57:31Z,Python,1199,0,0,0,31543
surrealdb,surrealdb,2021-12-09T15:03:29Z,2026-03-13T15:39:07Z,Rust,2633,122,0,0,31532
raylib,raysan5,2013-10-24T15:46:04Z,2026-03-13T14:57:22Z,C,2460,24,0,0,31514
conductor,conductor-oss,2023-12-08T06:06:09Z,2026-03-13T15:42:04Z,Java,360,35,0,0,31497
graphrag,microsoft,2024-03-27T17:57:52Z,2026-03-13T13:16:51Z,Python,721,36,0,0,31437
WSL,microsoft,2016-04-06T17:32:56Z,2026-03-13T15:37:34Z,C++,579,97,0,0,31388
tokio,tokio-rs,2016-09-09T22:31:36Z,2026-03-13T15:45:46Z,Rust,3807,141,0,0,31385
lede,coolsnowwolf,2017-09-06T07:39:03Z,2026-03-13T13:11:21Z,C,2052,7,0,0,31360
sing-box,SagerNet,2022-06-30T13:27:22Z,2026-03-13T15:12:43Z,Go,193,503,0,0,31351
influxdb,influxdata,2013-09-26T14:31:10Z,2026-03-13T15:46:21Z,Rust,10940,96,0,0,31343
alpine,alpinejs,2019-11-28T13:51:55Z,2026-03-13T15:41:19Z,HTML,695,146,0,0,31310
dotfiles,mathiasbynens,2011-09-05T18:07:54Z,2026-03-13T14:28:20Z,Shell,44,0,0,0,31269
interactive-coding-challenges,donnemartin,2015-04-28T21:36:39Z,2026-03-13T03:15:48Z,Python,176,0,0,0,31238
motion,motiondivision,2018-11-16T09:48:38Z,2026-03-13T14:18:58Z,TypeScript,1209,0,0,0,31194
jsPDF,parallax,2009-12-06T14:56:32Z,2026-03-13T15:02:55Z,JavaScript,753,41,0,0,31179
agents,wshobson,2025-07-24T23:28:14Z,2026-03-13T15:19:05Z,Python,53,0,0,0,31153
Blog,mqyqingfeng,2017-03-13T10:04:33Z,2026-03-13T13:55:53Z,None,3,0,0,0,31118
DevToys,DevToys-app,2021-09-29T01:40:41Z,2026-03-13T15:23:12Z,C#,501,39,0,0,31080
docsify,docsifyjs,2016-11-20T07:55:43Z,2026-03-13T07:35:30Z,JavaScript,784,17,0,0,31047
pear-desktop,pear-devs,2019-04-19T18:14:40Z,2026-03-13T15:31:45Z,TypeScript,1630,87,0,0,31042
Sortable,SortableJS,2013-12-19T10:10:13Z,2026-03-13T09:48:51Z,JavaScript,248,31,0,0,31034
tqdm,tqdm,2015-06-03T13:13:14Z,2026-03-13T09:18:47Z,Python,289,133,0,0,31029
ML-From-Scratch,eriklindernoren,2017-02-05T12:11:23Z,2026-03-13T15:22:44Z,Python,9,0,0,0,31025
podman,containers,2017-11-01T15:01:27Z,2026-03-13T15:57:55Z,Go,12241,237,0,0,31010
fabric.js,fabricjs,2010-06-09T22:24:38Z,2026-03-13T15:53:20Z,TypeScript,2430,181,0,0,31002
symfony,symfony,2010-01-04T14:21:21Z,2026-03-13T14:43:48Z,PHP,25614,603,0,0,30970
OpenAPI-Specification,OAI,2014-03-03T16:53:36Z,2026-03-13T15:00:13Z,Markdown,1808,14,0,0,30951
lux,iawia002,2018-02-24T11:29:03Z,2026-03-13T14:03:10Z,Go,304,86,0,0,30946
pytorch-lightning,Lightning-AI,2019-03-31T00:45:57Z,2026-03-12T16:16:24Z,Python,9341,172,0,0,30923
btop,aristocratos,2021-05-06T18:40:21Z,2026-03-13T15:40:41Z,C++,372,54,0,0,30903
seaweedfs,seaweedfs,2014-07-14T16:41:37Z,2026-03-13T14:54:10Z,Go,3725,291,0,0,30898
weekly,ascoders,2017-03-20T06:10:04Z,2026-03-13T11:02:21Z,JavaScript,136,193,0,0,30896
calculator,microsoft,2019-01-28T17:55:49Z,2026-03-13T13:13:46Z,C++,913,0,0,0,30867
p3c,alibaba,2017-06-23T06:15:51Z,2026-03-13T10:07:10Z,Kotlin,62,0,0,0,30834
webtorrent,webtorrent,2013-10-15T08:16:40Z,2026-03-13T14:23:25Z,JavaScript,970,229,0,0,30828
frigate,blakeblackshear,2019-01-26T13:52:38Z,2026-03-13T15:48:36Z,TypeScript,3769,76,0,0,30811
jQuery-File-Upload,blueimp,2010-12-01T15:35:32Z,2026-03-13T14:28:48Z,PHP,119,0,0,0,30806
AI-Expert-Roadmap,AMAI-GmbH,2020-10-24T21:49:40Z,2026-03-13T13:18:56Z,JavaScript,14,0,0,0,30798
mantine,mantinedev,2021-01-07T14:02:19Z,2026-03-13T14:10:45Z,TypeScript,1592,291,0,0,30782
TrackersListCollection,XIU2,2019-10-03T15:55:07Z,2026-03-13T11:13:47Z,None,7,0,0,0,30769
autoresearch,karpathy,2026-03-06T22:00:43Z,2026-03-13T15:57:56Z,Python,5,0,0,0,30765
refined-github,refined-github,2016-02-15T16:45:02Z,2026-03-13T12:29:48Z,TypeScript,3631,186,0,0,30694
uppy,transloadit,2015-11-16T12:32:33Z,2026-03-13T08:46:16Z,TypeScript,3277,392,0,0,30680
changedetection.io,dgtlmoon,2021-01-27T16:03:30Z,2026-03-13T14:13:44Z,Python,1061,204,0,0,30650
spring-boot-examples,ityouknow,2016-11-05T05:32:33Z,2026-03-13T12:45:12Z,Java,7,0,0,0,30646
DeepFaceLive,iperov,2020-12-15T12:19:22Z,2026-03-13T10:05:49Z,Python,13,35,0,0,30617
roop,s0md3v,2023-05-28T14:37:54Z,2026-03-13T14:34:43Z,Python,0,6,0,0,30551
layui,layui,2015-09-22T08:12:03Z,2026-03-13T07:29:26Z,JavaScript,674,173,0,0,30542
vscodium,VSCodium,2018-08-13T14:26:58Z,2026-03-13T14:14:45Z,Shell,633,267,0,0,30496
one-api,songquanpeng,2023-04-22T12:39:24Z,2026-03-13T14:57:40Z,JavaScript,287,55,0,0,30470
Proton,ValveSoftware,2018-03-13T18:45:27Z,2026-03-13T12:20:32Z,C++,13,76,0,0,30405
BetterDisplay,waydabber,2021-10-24T08:32:56Z,2026-03-13T15:52:54Z,None,2,122,0,0,30385
particles.js,VincentGarreau,2014-09-06T14:29:47Z,2026-03-13T02:37:23Z,JavaScript,21,6,0,0,30359
sequelize,sequelize,2010-07-22T07:11:11Z,2026-03-13T13:30:04Z,TypeScript,5023,490,0,0,30350
react-three-fiber,pmndrs,2019-02-25T14:31:51Z,2026-03-13T14:47:16Z,TypeScript,690,131,0,0,30349
awesome-macos-command-line,herrbischoff,2015-09-22T19:37:55Z,2026-03-13T14:26:00Z,None,104,0,0,0,30345
hutool,chinabugotech,2014-04-13T07:23:51Z,2026-03-13T15:25:28Z,Java,515,157,0,0,30339
algo,trailofbits,2016-05-15T03:42:48Z,2026-03-13T09:35:50Z,Python,689,4,0,0,30334
NeteaseCloudMusicApi,Binaryify,2016-06-22T11:58:03Z,2026-03-13T14:29:37Z,None,292,0,0,0,30293
folly,facebook,2012-06-01T20:49:04Z,2026-03-13T15:02:54Z,C++,13,281,0,0,30281
awesome-python-cn,jobbole,2015-11-03T09:50:50Z,2026-03-13T08:19:13Z,Makefile,51,0,0,0,30267
stanford_alpaca,tatsu-lab,2023-03-10T23:33:09Z,2026-03-13T09:32:17Z,Python,6,0,0,0,30267
OpenSpec,Fission-AI,2025-08-05T10:37:45Z,2026-03-13T15:55:11Z,TypeScript,323,34,0,0,30252
HEAD,joshbuchea,2016-04-20T20:05:37Z,2026-03-13T15:03:23Z,None,88,0,0,0,30245
Avalonia,AvaloniaUI,2013-12-05T20:13:21Z,2026-03-13T15:52:21Z,C#,5671,120,0,0,30243
os-tutorial,cfenollosa,2014-09-29T08:39:34Z,2026-03-13T14:20:17Z,C,11,0,0,0,30243
openai-python,openai,2020-10-25T23:23:54Z,2026-03-13T15:46:08Z,Python,1053,369,0,0,30218
cheerio,cheeriojs,2011-10-09T04:23:20Z,2026-03-13T07:04:46Z,TypeScript,3136,62,0,0,30183
tdesktop,telegramdesktop,2014-05-02T12:36:31Z,2026-03-13T15:44:40Z,C++,1863,831,0,0,30174
deer-flow,bytedance,2025-05-07T02:50:19Z,2026-03-13T15:57:49Z,Python,441,0,0,0,30171
dragonfly,dragonflydb,2021-12-11T10:00:42Z,2026-03-13T15:26:57Z,C++,4024,114,0,0,30167
viper,spf13,2014-04-02T14:33:33Z,2026-03-13T15:46:22Z,Go,520,35,0,0,30150
k6,grafana,2016-03-21T15:30:24Z,2026-03-13T13:47:37Z,Go,2465,85,0,0,30120
jumpserver,jumpserver,2014-07-04T03:54:59Z,2026-03-13T08:04:13Z,Python,7876,264,0,0,30071
rust-course,sunface,2018-08-07T05:01:21Z,2026-03-13T13:34:19Z,Rust,813,0,0,0,30064
WindTerm,kingToolbox,2019-10-09T19:56:09Z,2026-03-13T15:54:00Z,C,1,32,0,0,30033
turborepo,vercel,2021-10-05T17:37:11Z,2026-03-13T15:19:08Z,Rust,7267,718,0,0,29989
hosts,StevenBlack,2012-04-12T20:22:50Z,2026-03-13T14:23:26Z,Python,507,834,0,0,29987
xxl-job,xuxueli,2015-11-28T12:59:34Z,2026-03-13T08:40:27Z,Java,124,42,0,0,29980
django-rest-framework,encode,2011-03-02T17:13:56Z,2026-03-12T21:49:58Z,Python,3110,21,0,0,29933
css-protips,AllThingsSmitty,2015-08-29T12:29:03Z,2026-03-13T15:55:03Z,None,73,0,0,0,29925
lighthouse,GoogleChrome,2016-03-08T01:03:11Z,2026-03-13T14:00:39Z,JavaScript,5567,130,0,0,29916
handson-ml2,ageron,2019-01-08T03:49:07Z,2026-03-13T10:17:13Z,Jupyter Notebook,65,0,0,0,29915
tuning_playbook,google-research,2023-01-18T23:32:32Z,2026-03-13T09:55:38Z,None,14,0,0,0,29908
leakcanary,square,2015-04-29T23:54:16Z,2026-03-13T08:25:12Z,Kotlin,933,43,0,0,29908
zellij,zellij-org,2020-09-01T14:04:28Z,2026-03-13T15:52:30Z,Rust,1406,65,0,0,29900
czkawka,qarmin,2020-09-01T17:37:29Z,2026-03-13T15:55:22Z,Rust,470,40,0,0,29806
iced,iced-rs,2019-07-15T22:34:46Z,2026-03-13T14:40:49Z,Rust,1165,18,0,0,29805
kickstart.nvim,nvim-lua,2022-06-24T03:11:24Z,2026-03-13T11:57:10Z,Lua,267,0,0,0,29799
consul,hashicorp,2013-11-04T22:15:27Z,2026-03-13T13:55:40Z,Go,14153,256,0,0,29796
apollo,apolloconfig,2016-03-04T10:24:23Z,2026-03-13T15:19:25Z,Java,1499,42,0,0,29777
filament,filamentphp,2020-03-19T00:19:18Z,2026-03-13T15:16:44Z,PHP,5817,827,0,0,29769
